uid,source_kind,origin_file,cluster_id,published_at,headline,summary,urls,sources,topics,tickers,total,decision,freshness,authority,social_velocity,engagement,sentiment,brand_fit,novelty,trends_interest,trends_velocity
f76d2b7db13dec445ba8942e29663eceb1bd3db7,news,C:\Users\pedro\Desktop\projetos\Breno\gerador-conteudo\runs\2025-09-25_00-09-240m\out,4625fd4a13be55fe2c40b2fb835ddecb,2025-09-25 03:06:41,Espanhola Rosa Montero estreia na CasaFolha; saiba como ver o curso de escrita criativa,,https://www1.folha.uol.com.br/poder/2025/09/espanhola-rosa-montero-estreia-na-casafolha-saiba-como-ver-o-curso-de-escrita-criativa.shtml,www1.folha.uol.com.br,,,35.11,DROP,0.993,0.6,0.1589,0.1176,0.8096,0.0,0.0,0.0,0.0
8c4a034afd6e69858d1a5d33054be4b7b371392c,news,C:\Users\pedro\Desktop\projetos\Breno\gerador-conteudo\runs\2025-09-25_00-09-240m\out,6ad29617271a8f7fd52d8529dd0a61de,2025-09-25 03:06:41,Flamengo visita Estudiantes por vaga nas semifinais da Libertadores,,https://noticias.uol.com.br/ultimas-noticias/afp/2025/09/24/flamengo-visita-estudiantes-por-vaga-nas-semifinais-da-libertadores.htm,noticias.uol.com.br,,,35.06,DROP,0.993,0.6,0.1091,0.2303,0.79,0.0,0.0,0.0,0.0
fba6bca822ae4927d98938ea319bd6c7d9e783cc,news,C:\Users\pedro\Desktop\projetos\Breno\gerador-conteudo\runs\2025-09-25_00-09-240m\out,fb3adba78eeb69aa491d2adae3b43047,2025-09-25 03:06:41,Feira em São Paulo traz queijos artesanais paulistas que foram premiados na França,,https://guia.folha.uol.com.br/restaurantes/2025/09/feira-em-sao-paulo-traz-queijos-artesanais-paulistas-que-foram-premiados-na-franca.shtml,guia.folha.uol.com.br,,,45.4,DROP,0.993,0.6,0.1305,0.2049,0.8648,0.75,0.0,0.0,0.0
f0b96dc6e2d2c2030a7d76ca51bde682c2d06107,news,C:\Users\pedro\Desktop\projetos\Breno\gerador-conteudo\runs\2025-09-25_00-09-240m\out,a29e4035e883cb898a739d9d64fe20c3,2025-09-25 03:06:41,Quase 20% dos professores do ensino infantil não têm ensino superior completo,,https://www1.folha.uol.com.br/educacao/2025/09/quase-20-dos-professores-do-ensino-infantil-nao-tem-ensino-superior-completo.shtml,www1.folha.uol.com.br,,,42.27,DROP,0.993,0.6,0.4095,0.2851,0.9828,0.0,0.0,0.0,0.0
9b360add92af9fab126958302f58c86b9ca16376,news,C:\Users\pedro\Desktop\projetos\Breno\gerador-conteudo\runs\2025-09-25_00-09-240m\out,915832511e7b422bc1c00c9d3d225ccc,2025-09-25 03:06:41,"Bolsonaro foi alertado de 'desvios, fraudes e irregularidades' no INSS durante transição, dizem peritos",,https://www1.folha.uol.com.br/mercado/2025/09/bolsonaro-foi-alertado-de-desvios-fraudes-e-irregularidades-no-inss-durante-transicao-dizem-peritos.shtml,www1.folha.uol.com.br,,,50.32,WATCH,0.993,0.6,0.5224,0.0089,0.8558,0.75,0.0,0.0,0.0
ace5d15fc247b596ffcc0abc6880b1877ee62b1b,news,C:\Users\pedro\Desktop\projetos\Breno\gerador-conteudo\runs\2025-09-25_00-09-240m\out,7e4fa4b01f3caf1a4191f2a73b2cbf9d,2025-09-25 03:06:41,"ONU vira palco de comédia, e um talk show vira palco de discurso político",,https://www1.folha.uol.com.br/colunas/lucia-guimaraes/2025/09/onu-vira-palco-de-comedia-e-um-talk-show-vira-palco-de-discurso-politico.shtml,www1.folha.uol.com.br,,,55.3,WATCH,0.993,0.6,0.6395,0.2836,0.9329,0.75,0.0,0.0,0.0
9ebedeee57f06e6a493a50e7495e1b45f9464377,news,C:\Users\pedro\Desktop\projetos\Breno\gerador-conteudo\runs\2025-09-25_00-09-240m\out,bacbc73ab18f0ac5103c96fb6800a10d,2025-09-25 03:06:41,"Reação popular à PEC da Blindagem surpreendeu centrão, dizem parlamentares",,https://www1.folha.uol.com.br/colunas/painel/2025/09/reacao-popular-a-pec-da-blindagem-surpreendeu-centrao-dizem-parlamentares.shtml,www1.folha.uol.com.br,,,35.75,DROP,0.993,0.6,0.0861,0.4197,0.7281,0.0,0.0,0.0,0.0
fdb263143e4d5d401e4172688df551cfb4f52cdd,news,C:\Users\pedro\Desktop\projetos\Breno\gerador-conteudo\runs\2025-09-25_00-09-240m\out,538f3d6043b38455c1814a4f3986c0b9,2025-09-25 03:06:41,Palmeiras vence River Plate (3-1) e vai às semifinais da Libertadores,,https://noticias.uol.com.br/ultimas-noticias/afp/2025/09/24/palmeiras-vence-river-plate-3-1-e-vai-as-semifinais-da-libertadores-ercagaam.htm,noticias.uol.com.br,,,50.08,WATCH,0.993,0.6,0.2847,0.3139,0.9977,0.75,0.0,0.0,0.0
5948526b10d2be5cb385ca92ce5b8423659b85bf,news,C:\Users\pedro\Desktop\projetos\Breno\gerador-conteudo\runs\2025-09-25_00-09-240m\out,6ca16f6f114737146603cdacb25a04be,2025-09-25 03:06:41,Editor de Política mostra em livro como Folha atuou nos anos Bolsonaro,,https://www1.folha.uol.com.br/poder/2025/09/editor-de-politica-mostra-em-livro-como-folha-atuou-nos-anos-bolsonaro.shtml,www1.folha.uol.com.br,,,33.55,DROP,0.993,0.6,0.0595,0.157,0.7854,0.0,0.0,0.0,0.0
df719be14c6ed719d36ff64d6dc400648194696a,news,C:\Users\pedro\Desktop\projetos\Breno\gerador-conteudo\runs\2025-09-25_00-09-240m\out,88f8cfcfc8e1d4d1a7ac0b66dd335ad8,2025-09-25 03:06:41,Agro quer financiamento climático para produtores rurais e lista demandas à COP30,,https://www1.folha.uol.com.br/ambiente/2025/09/agro-quer-financiamento-climatico-para-produtores-rurais-e-lista-demandas-a-cop30.shtml,www1.folha.uol.com.br,,,37.42,DROP,0.993,0.6,0.3469,0.1722,0.6506,0.0,0.0,0.0,0.0
0075d81a32133a4453a64f0e248b9cb0f39f6932,news,C:\Users\pedro\Desktop\projetos\Breno\gerador-conteudo\runs\2025-09-25_00-09-240m\out,243aae367195cfe58d09005ecb184fe4,2025-09-25 03:06:41,Palmeiras derruba River e chega à sua quinta semifinal em seis Libertadores,,https://www1.folha.uol.com.br/esporte/2025/09/palmeiras-derruba-river-e-chega-a-sua-quinta-semifinal-em-seis-libertadores.shtml,www1.folha.uol.com.br,,,42.61,DROP,0.993,0.6,0.4419,0.1966,0.605,0.75,0.0,0.0,0.0
f8c68dbe310f9d132efbbfe9f3ff33442be8bcd9,news,C:\Users\pedro\Desktop\projetos\Breno\gerador-conteudo\runs\2025-09-25_00-09-240m\out,5320e1c4c5c9745f2a0fae4976e481ac,2025-09-25 03:06:41,Menos alunos saem do ensino médio com aprendizado adequado em português e matemática,,https://www1.folha.uol.com.br/educacao/2025/09/menos-alunos-saem-do-ensino-medio-com-aprendizado-adequado-em-portugues-e-matematica.shtml,www1.folha.uol.com.br,,,35.99,DROP,0.993,0.6,0.2121,0.2682,0.6562,0.0,0.0,0.0,0.0
3647f2e35d470feccf61f1ff2f2bc0319639e5af,news,C:\Users\pedro\Desktop\projetos\Breno\gerador-conteudo\runs\2025-09-25_00-09-240m\out,f3cf4478c67d00d94556268e0c83dcd8,2025-09-25 03:06:41,Governo Trump troca foto de Biden por caneta automática na Casa Branca; veja vídeo,,https://www1.folha.uol.com.br/mundo/2025/09/governo-trump-troca-foto-de-biden-por-caneta-automatica-na-casa-branca-veja-video.shtml,www1.folha.uol.com.br,,,38.81,DROP,0.993,0.6,0.3488,0.1497,0.8327,0.0,0.0,0.0,0.0
a905627d60011f8d6a9ca7bcffdac4148770e364,news,C:\Users\pedro\Desktop\projetos\Breno\gerador-conteudo\runs\2025-09-25_00-09-240m\out,58087fc006feedd3e363040342a45e4d,2025-09-25 03:06:41,'Uma Batalha Atrás da Outra' e musical 'Hamilton' chegam aos cinemas de São Paulo,,https://guia.folha.uol.com.br/cinema/2025/09/uma-batalha-atras-da-outra-e-musical-hamilton-chegam-aos-cinemas-de-sao-paulo.shtml,guia.folha.uol.com.br,,,37.25,DROP,0.993,0.6,0.1381,0.2834,0.9371,0.0,0.0,0.0,0.0
dea4befd645ad755988198b7c9b0d88af0e00654,news,C:\Users\pedro\Desktop\projetos\Breno\gerador-conteudo\runs\2025-09-25_00-09-240m\out,a7ebeb026e8b2f4380d5b838e568d91d,2025-09-25 03:06:41,"Centrão vê 3º fracasso de PEC da Blindagem em 4 anos, dessa vez com Senado posando de bom-moço",,https://www1.folha.uol.com.br/poder/2025/09/centrao-ve-3o-fracasso-de-pec-da-blindagem-em-4-anos-dessa-vez-com-senado-posando-de-bom-moco.shtml,www1.folha.uol.com.br,,,35.8,DROP,0.993,0.6,0.1152,0.4737,0.6214,0.0,0.0,0.0,0.0
27031eb5c9365e0fd99252bf630645ec065efddc,news,C:\Users\pedro\Desktop\projetos\Breno\gerador-conteudo\runs\2025-09-25_00-09-240m\out,43818eb0c6d7ba1069726312cbc55d7a,2025-09-25 03:04:43,"U.S. expands tariff dragnet to masks, syringes and robotics in sweeping import probe",,https://www.cnbc.com/2025/09/25/trump-tariff-threat-looms-over-robotics-and-medical-devices-section232-import-investigation.html,cnbc.com,,,46.97,DROP,0.9875,0.88,0.63,0.2649,0.706,0.0,0.0,0.0,0.0
2c31e50e0d8905001b2d90fefbed10970d79697d,news,C:\Users\pedro\Desktop\projetos\Breno\gerador-conteudo\runs\2025-09-25_00-25-1440m\out,0e389845e8b48b86fda64cc1a7e17ae4,2025-09-25 03:02:58,Avô é preso suspeito de estuprar e manter neta de 14 anos em cárcere no AM,,https://g1.globo.com/am/amazonas/noticia/2025/09/25/avo-e-preso-suspeito-de-estuprar-e-manter-neta-de-14-anos-em-carcere-no-am.ghtml,g1.globo.com,,,22.6,DROP,0.9408,0.6,0.0245,0.4892,0.8341,0.0,0.0,0.0,0.0
5e6f11cc6f1f99671e30ba54be6522a96718e5dc,news,C:\Users\pedro\Desktop\projetos\Breno\gerador-conteudo\runs\2025-09-25_00-25-1440m\out,4c3d3bb7790c6351243622808da14274,2025-09-25 03:02:14,Montes Claros é a capital da corrida de rua no Norte de Minas,,https://g1.globo.com/mg/grande-minas/especial-publicitario/pm-montes-claro/noticia/2025/09/25/montes-claros-e-a-capital-da-corrida-de-rua-no-norte-de-minas.ghtml,g1.globo.com,,,31.55,DROP,0.9389,0.6,0.2547,0.2666,0.6646,0.0,0.0,0.0,0.0
e95756e540431a3195f3eac8812a674d7b53c2c0,news,C:\Users\pedro\Desktop\projetos\Breno\gerador-conteudo\runs\2025-09-25_00-25-1440m\out,c30bee51f6ebc751127d12d9065d0079,2025-09-25 03:00:51,'Invernico' derruba temperaturas no Centro-Sul nesta quinta; veja previsão para todo o país,,https://g1.globo.com/meio-ambiente/noticia/2025/09/25/invernico-temperaturas-no-centro-sul-nesta-quinta-veja-previsao-para-todo-o-pais.ghtml,g1.globo.com,,,38.27,DROP,0.9353,0.6,0.2889,0.372,0.7821,0.0,0.0,0.0,0.0
b4661ee0bb41bdd66b2849ce973feda7a1b1f90e,news,C:\Users\pedro\Desktop\projetos\Breno\gerador-conteudo\runs\2025-09-25_00-25-1440m\out,82052aed9d507e2f1dc41ec7c81dac71,2025-09-25 03:00:47,Mega-Sena pode pagar R$ 54 milhões nesta quinta-feira,,https://g1.globo.com/loterias/mega-sena/noticia/2025/09/25/mega-sena-pode-pagar-r-54-milhoes-nesta-quinta-feira.ghtml,g1.globo.com,,,49.26,DROP,0.9351,0.6,0.4193,0.3562,0.705,0.75,0.0,0.0,0.0
53d2df9ee242d37af83d03bd4f30007cc0badc7e,news,C:\Users\pedro\Desktop\projetos\Breno\gerador-conteudo\runs\2025-09-25_00-25-1440m\out,d1bef031333bfce28b881ef219d71d87,2025-09-25 03:00:45,Mortes por câncer devem crescer 75% até 2050; aumento será puxado por países pobres e em desenvolvimento,,https://g1.globo.com/saude/noticia/2025/09/25/mortes-por-cancer-devem-crescer-75percent-ate-2050-aumento-sera-puxado-por-paises-pobres-e-em-desenvolvimento.ghtml,g1.globo.com,,,40.32,DROP,0.935,0.6,0.4601,0.4212,0.6317,0.0,0.0,0.0,0.0
c7acc54a37c4e8f600330d7b917eb174a33e0f46,news,C:\Users\pedro\Desktop\projetos\Breno\gerador-conteudo\runs\2025-09-25_00-25-1440m\out,9dbfeb9903136382beeafad4ea7d6891,2025-09-25 03:00:44,"Na última sessão antes do fim do mandato, Barroso faz balanço da gestão no STF; veja perfil",,https://g1.globo.com/politica/noticia/2025/09/25/na-ultima-sessao-antes-do-fim-do-mandato-barroso-faz-balanco-da-gestao-no-stf-veja-perfil.ghtml,g1.globo.com,balanço,,32.11,DROP,0.935,0.6,0.1507,0.0065,0.6993,0.0,0.0,0.0,0.0
a50f60fa9163c3c1e3694ab6ef62ba29cc2cf9d4,news,C:\Users\pedro\Desktop\projetos\Breno\gerador-conteudo\runs\2025-09-25_00-25-1440m\out,453f5afb7199c3443cca2fd229dab94c,2025-09-25 03:00:41,"PF apreendeu 14 veículos ligados ao Careca do INSS avaliados em R$ 6,3 milhões; veja lista",,https://g1.globo.com/politica/noticia/2025/09/25/pf-apreendeu-14-veiculos-ligados-ao-careca-do-inss-avaliados-em-r-63-milhoes-veja-lista.ghtml,g1.globo.com,,,42.59,DROP,0.9348,0.6,0.524,0.4106,0.7822,0.0,0.0,0.0,0.0
8f8d5925431b6e0325273f7ce2bf390292e90f22,news,C:\Users\pedro\Desktop\projetos\Breno\gerador-conteudo\runs\2025-09-25_00-25-1440m\out,4e097015b4ba70dff0ac7615dc62bf87,2025-09-25 03:00:39,Julgamento de Eduardo Bolsonaro no STF que pode torná-lo inelegível pode para 2026,,https://g1.globo.com/politica/blog/andreia-sadi/post/2025/09/25/julgamento-de-eduardo-bolsonaro-no-stf-que-pode-torna-lo-inelegivel-pode-para-2026.ghtml,g1.globo.com,,,39.78,DROP,0.9348,0.6,0.3213,0.4737,0.7936,0.0,0.0,0.0,0.0
685d154983e84913f190a2c7eba853f58151437a,news,C:\Users\pedro\Desktop\projetos\Breno\gerador-conteudo\runs\2025-09-25_00-25-1440m\out,22306850ce9a52f439c3b4a71eecab73,2025-09-25 03:00:37,Careca do INSS deve ser ouvido nesta CPMI que investiga fraudes em descontos nesta quinta-feira,,https://g1.globo.com/politica/noticia/2025/09/25/careca-do-inss-deve-ser-ouvido-nesta-cpmi-que-investiga-fraudes-em-descontos-nesta-quinta-feira.ghtml,g1.globo.com,,,53.47,WATCH,0.9347,0.6,0.5782,0.3621,0.8773,0.75,0.0,0.0,0.0
e8418113ecb7dc15dd90e56f7ef89fb0b98eb7b4,news,C:\Users\pedro\Desktop\projetos\Breno\gerador-conteudo\runs\2025-09-25_00-25-1440m\out,d7f4e59f605278228aee9dff1b124024,2025-09-25 03:00:30,Secretário de Polícia do RJ concede medalha Coragem a ele mesmo; corporação diz que lista incluiu agentes que foram baleados,,https://g1.globo.com/rj/rio-de-janeiro/noticia/2025/09/25/secretario-de-policia-do-rj-concede-medalha-coragem-a-ele-mesmo-corporacao-diz-que-lista-incluiu-agentes-que-foram-baleados.ghtml,g1.globo.com,sec,,37.06,DROP,0.9344,0.6,0.4592,0.4314,0.8364,0.0,0.0,0.0,0.0
e12645b15bea5d4fe2118b60cc6fb00060eb0f3b,news,C:\Users\pedro\Desktop\projetos\Breno\gerador-conteudo\runs\2025-09-25_00-25-1440m\out,a040b49a841ba8e25af363d08df4b8e5,2025-09-25 03:00:15,Justiça fixa pena de babá por tortura contra bebê de oito meses no RS,,https://g1.globo.com/rs/rio-grande-do-sul/noticia/2025/09/25/justica-fixa-pena-de-baba-por-tortura-contra-bebe-de-oito-meses-no-rs.ghtml,g1.globo.com,,,31.57,DROP,0.9337,0.6,0.1933,0.4622,0.6046,0.0,0.0,0.0,0.0
e5146f172a3afd320e293d79d247d070d09d20f2,news,C:\Users\pedro\Desktop\projetos\Breno\gerador-conteudo\runs\2025-09-25_00-09-240m\out,a461a2fa41793580d91a245635b6bde7,2025-09-25 02:34:51,"Nvidia's investment in OpenAI will be in cash, and most will be used to lease Nvidia chips",,https://www.cnbc.com/2025/09/24/nvidia-openai-investment-in-cash-mostly-used-to-lease-nvidia-chips.html,cnbc.com,,,40.96,DROP,0.9089,0.88,0.4367,0.1959,0.6114,0.0,0.0,0.0,0.0
9a81d002580bc84d646c1972bf3cb57a2cb85fc0,news,C:\Users\pedro\Desktop\projetos\Breno\gerador-conteudo\runs\2025-09-25_00-09-240m\out,e55863d6c88fb054415c223ed73866d6,2025-09-25 02:34:32,Asia-Pacific markets trade mixed as investors sell tech names on Wall Street,,https://www.cnbc.com/2025/09/25/asia-markets.html,cnbc.com,,,40.69,DROP,0.9081,0.88,0.3478,0.2355,0.7193,0.0,0.0,0.0,0.0
3726ea022146fd7ba43373847fd54452bb2361e1,news,C:\Users\pedro\Desktop\projetos\Breno\gerador-conteudo\runs\2025-09-25_00-09-240m\out,f261e3dc50b9f154f14760d635197192,2025-09-25 02:15:09,Câmara de Belém reconhece Parada LGBTQIA+ como patrimônio imaterial da cidade,,https://g1.globo.com/pa/para/noticia/2025/09/24/camara-de-belem-reconhece-parada-lgbtqia-como-patrimonio-imaterial-da-cidade.ghtml,g1.globo.com,,,25.02,DROP,0.8605,0.6,0.0228,0.0113,0.6672,0.0,0.0,0.0,0.0
7720b5c54ad0fa566059f7c1d8d5c64a851d1e94,news,C:\Users\pedro\Desktop\projetos\Breno\gerador-conteudo\runs\2025-09-25_00-09-240m\out,80dc5f799cb18138249aa1af3ca00137,2025-09-25 01:49:38,China's largest vehicle exporter Chery surges 11% in Hong Kong debut,,https://www.cnbc.com/2025/09/25/chinachinas-largest-vehicle-exporter-chery-surges-11percent-in-hong-kong-debut.html,cnbc.com,,,38.92,DROP,0.8016,0.88,0.1813,0.4084,0.8852,0.0,0.0,0.0,0.0
9dd5d30a258f0125375382239007a0195143473a,news,C:\Users\pedro\Desktop\projetos\Breno\gerador-conteudo\runs\2025-09-25_00-09-240m\out,3baaba33992e71457e9ac52acb0a9c50,2025-09-25 01:46:55,Ney Matogrosso grava o samba com o qual será homenageado pela Imperatriz Leopoldinense no Carnaval  de 2026,,https://g1.globo.com/pop-arte/musica/blog/mauro-ferreira/post/2025/09/24/ney-matogrosso-grava-o-samba-com-o-qual-sera-homenageado-pela-imperatriz-leopoldinense-no-carnaval-de-2026.ghtml,g1.globo.com,,,38.39,DROP,0.7956,0.6,0.6513,0.0831,0.6391,0.0,0.0,0.0,0.0
f3941c503a7331a0ef65047283321cb5af493ed8,news,C:\Users\pedro\Desktop\projetos\Breno\gerador-conteudo\runs\2025-09-25_00-09-240m\out,c5121ba7b85d7b6bea3d1defdad0e006,2025-09-25 01:43:32,Ciclista morre atropelado por moto em rodovia de MS,,https://g1.globo.com/ms/mato-grosso-do-sul/noticia/2025/09/24/ciclista-morre-atropelado-por-moto-em-rodovia-de-ms.ghtml,g1.globo.com,,,32.23,DROP,0.7882,0.6,0.438,0.103,0.8537,0.0,0.0,0.0,0.0
1adf5a1eb922c859c2350c653fb23fc6dc0a5b3d,news,C:\Users\pedro\Desktop\projetos\Breno\gerador-conteudo\runs\2025-09-25_00-09-240m\out,9b085431a0ceb5d07f51de38222bcbff,2025-09-25 01:37:29,Quina hoje: resultado do concurso 6835 e números sorteados,,https://g1.globo.com/loterias/quina/noticia/2025/09/24/quina-hoje-resultado-do-concurso-6835-e-numeros-sorteados.ghtml,g1.globo.com,resultado,,38.28,DROP,0.775,0.6,0.1012,0.1532,0.723,0.65,0.0,0.0,0.0
e638ee6efc24e3625011ed520809db6af37edbc1,news,C:\Users\pedro\Desktop\projetos\Breno\gerador-conteudo\runs\2025-09-25_00-09-240m\out,c7c84eae88e6d974aeee34bacc6db015,2025-09-25 01:32:11,Temporal causa destelhamentos e deixa moradores sem energia em Alto Garças (MT),,https://g1.globo.com/mt/mato-grosso/noticia/2025/09/24/temporal-causa-destelhamentos-e-deixa-moradores-sem-energia-em-alto-garcas-mt.ghtml,g1.globo.com,,,28.04,DROP,0.7637,0.6,0.2051,0.2777,0.6328,0.0,0.0,0.0,0.0
d2d4937acf200e0af3130c346731813b74d3adb3,news,C:\Users\pedro\Desktop\projetos\Breno\gerador-conteudo\runs\2025-09-25_00-09-240m\out,dcc34e77b15c8bc4c8978c0721017edf,2025-09-25 01:22:49,Drones suspeitos voltam a obrigar autoridades a fechar aeroporto na Dinamarca,,https://g1.globo.com/mundo/noticia/2025/09/24/drones-suspeitos-voltam-a-obrigar-autoridades-a-fechar-aeroporto-na-dinamarca.ghtml,g1.globo.com,,,35.47,DROP,0.7441,0.6,0.4107,0.1837,0.7797,0.0,0.0,0.0,0.0
debecc4d9b364f4e85f49b817c7dc5ae04b12864,news,C:\Users\pedro\Desktop\projetos\Breno\gerador-conteudo\runs\2025-09-25_00-09-240m\out,8d4b4106c2d0f5dfd6749953e975592f,2025-09-25 01:06:45,Amazonas vence 6 categorias no Prêmio Finep e garante vaga na etapa nacional,,https://g1.globo.com/am/amazonas/noticia/2025/09/24/amazonas-vence-6-categorias-no-premio-finep-e-garante-vaga-na-etapa-nacional.ghtml,g1.globo.com,,,26.7,DROP,0.7116,0.6,0.1072,0.184,0.8478,0.0,0.0,0.0,0.0
132e3426e81bba61d4c6bfee1d3c1d670dec298e,news,C:\Users\pedro\Desktop\projetos\Breno\gerador-conteudo\runs\2025-09-25_00-09-240m\out,c058e8624243a7e4389b8efeaf1dc717,2025-09-25 01:01:25,"Carro é destruído pelo fogo após batida e vítima é socorrida em estado grave na Bandeirantes, em Campinas",,https://g1.globo.com/sp/campinas-regiao/noticia/2025/09/24/carro-e-destruido-pelo-fogo-apos-batida-e-vitima-e-socorrida-em-estado-grave-na-bandeirantes-em-campinas.ghtml,g1.globo.com,,,31.66,DROP,0.7012,0.6,0.245,0.4021,0.8539,0.75,0.0,0.0,0.0
84a8539ffd27e711564f360056fbbf03d31fdde3,news,C:\Users\pedro\Desktop\projetos\Breno\gerador-conteudo\runs\2025-09-25_00-09-240m\out,572cea8fa774ddea15e98d15c9c5183e,2025-09-25 00:44:23,"Festival de cinema a céu aberto em Salvador terá sessão gratuita de filme sobre amizade de Jorge Amado, Dorival Caymmi e Carybé",,https://g1.globo.com/ba/bahia/noticia/2025/09/24/festival-de-cinema-a-ceu-aberto-em-salvador-tera-sessao-gratuita.ghtml,g1.globo.com,,,29.69,DROP,0.6687,0.6,0.3925,0.2148,0.7315,0.0,0.0,0.0,0.0
28fcd108ab2556455ca7434a226c13b212158449,news,C:\Users\pedro\Desktop\projetos\Breno\gerador-conteudo\runs\2025-09-25_00-09-240m\out,5c9f81a594531db65b727edd48ef030b,2025-09-25 00:43:46,"Trem da EFMM vai voltar a andar no aniversário de Porto Velho, diz prefeito",,https://g1.globo.com/ro/rondonia/noticia/2025/09/24/trem-da-efmm-vai-voltar-a-andar-no-aniversario-de-porto-velho-diz-prefeito.ghtml,g1.globo.com,,,28.46,DROP,0.6676,0.6,0.4338,0.1009,0.6016,0.0,0.0,0.0,0.0
8d8df3469fb09ed2132f1deec6e48d35560ff647,news,C:\Users\pedro\Desktop\projetos\Breno\gerador-conteudo\runs\2025-09-25_00-09-240m\out,d50568662c799b882dfe5049414d094f,2025-09-25 00:35:29,Lotomania hoje: resultado do concurso 2827 e números sorteados,,https://g1.globo.com/loterias/lotomania/noticia/2025/09/24/lotomania-hoje-resultado-do-concurso-2827-e-numeros-sorteados.ghtml,g1.globo.com,resultado,,46.77,DROP,0.6524,0.6,0.6801,0.2573,0.7046,0.65,0.0,0.0,0.0
3a4896ff299b822b5d7ff20946a822be4e9734f4,news,C:\Users\pedro\Desktop\projetos\Breno\gerador-conteudo\runs\2025-09-25_00-09-240m\out,3d1a3e3c7512de438fe96703929e6d5f,2025-09-25 00:35:14,Lotofácil hoje: resultado do concurso 3495 e números sorteados,,https://g1.globo.com/loterias/lotofacil/noticia/2025/09/24/lotofacil-hoje-resultado-do-concurso-3495-e-numeros-sorteados.ghtml,g1.globo.com,resultado,,37.58,DROP,0.652,0.6,0.0766,0.3628,0.7267,0.65,0.0,0.0,0.0
773d1905baa4a8f1887d922bb3d8cc6b954f521a,news,C:\Users\pedro\Desktop\projetos\Breno\gerador-conteudo\runs\2025-09-25_00-09-240m\out,b1061bc45a1add06a9d1e984ff050160,2025-09-25 00:35:14,Dupla Sena hoje: resultado do concurso 2864 e números sorteados,,https://g1.globo.com/loterias/dupla-sena/noticia/2025/09/24/dupla-sena-hoje-resultado-do-concurso-2864-e-numeros-sorteados.ghtml,g1.globo.com,resultado,,40.63,DROP,0.652,0.6,0.3258,0.0266,0.9233,0.65,0.0,0.0,0.0
a59b4b63888e039a637eee11e9bb91c01827ab67,news,C:\Users\pedro\Desktop\projetos\Breno\gerador-conteudo\runs\2025-09-25_00-09-240m\out,59495c89bd6a811f2f230a3eddd14dc0,2025-09-25 00:34:00,Lotofácil 3495: confira as 15 dezenas sorteadas nesta quarta (24),,https://www.infomoney.com.br/consumo/lotofacil-3495-confira-as-15-dezenas-sorteadas-nesta-quarta-24/,infomoney.com.br,,,45.84,DROP,0.6497,0.9,0.3176,0.0183,0.9651,0.75,0.0,0.0,0.0
e1eb0187859aedc45dafa4f581fe64b02a9aeb32,news,C:\Users\pedro\Desktop\projetos\Breno\gerador-conteudo\runs\2025-09-25_00-09-240m\out,04605c2bb89173a1f9325e45419eeb74,2025-09-25 00:32:14,Termo prevê que Parque da Maternidade seja gerido pela prefeitura da capital; entenda,,https://g1.globo.com/ac/acre/noticia/2025/09/24/termo-preve-que-parque-da-maternidade-seja-gerido-pela-prefeitura-da-capital-entenda.ghtml,g1.globo.com,,,35.07,DROP,0.6466,0.6,0.2941,0.4451,0.8997,0.0,0.0,0.0,0.0
06a885650370cb61674cf61981fa5eb3526ddff1,news,C:\Users\pedro\Desktop\projetos\Breno\gerador-conteudo\runs\2025-09-25_00-09-240m\out,3a9d089a0053a76de8beb0ff77d96b3c,2025-09-25 00:30:22,+Milionária hoje: resultado do concurso 288 e números sorteados,,https://g1.globo.com/loterias/milionaria/noticia/2025/09/24/milionaria-hoje-resultado-do-concurso-288-e-numeros-sorteados.ghtml,g1.globo.com,resultado,,40.82,DROP,0.6432,0.6,0.2927,0.0648,0.9908,0.65,0.0,0.0,0.0
aec4efffc97b3210561b53ce35af8c1614639340,news,C:\Users\pedro\Desktop\projetos\Breno\gerador-conteudo\runs\2025-09-25_00-09-240m\out,5c38d3587cf2c9346adcd82073d2cc98,2025-09-25 00:30:17,Super Sete hoje: resultado do concurso 750 e números sorteados,,https://g1.globo.com/loterias/super-sete/noticia/2025/09/24/super-sete-hoje-resultado-do-concurso-750-e-numeros-sorteados.ghtml,g1.globo.com,resultado,,43.33,DROP,0.6431,0.6,0.363,0.436,0.7748,0.65,0.0,0.0,0.0
511a50f16eccc9de35dba13e76dc2033ccc07924,news,C:\Users\pedro\Desktop\projetos\Breno\gerador-conteudo\runs\2025-09-25_00-09-240m\out,16509185820bde7000cc26aeb6d9ca00,2025-09-25 00:28:01,Ministro da Casa Civil diz que governo pode ir à Justiça contra preços abusivos em hotéis na COP em Belém,,https://g1.globo.com/pa/para/noticia/2025/09/24/ministro-da-casa-civil-diz-que-governo-pode-ir-a-justica-contra-precos-abusivos-em-hoteis-na-cop-em-belem.ghtml,g1.globo.com,,,41.56,DROP,0.639,0.6,0.4359,0.423,0.9584,0.75,0.0,0.0,0.0
f332d4524a0ef0301a959a4ab4ea98ca92092b39,news,C:\Users\pedro\Desktop\projetos\Breno\gerador-conteudo\runs\2025-09-25_00-09-240m\out,8dc0f45132ab1588c8b39088f2ab1700,2025-09-25 00:26:52,Trump diz que Serviço Secreto investiga “sabotagem” da escada rolante na ONU,,https://www.infomoney.com.br/mundo/trump-diz-que-servico-secreto-investiga-sabotagem-da-escada-rolante-na-onu/,infomoney.com.br,sec,,35.41,DROP,0.637,0.9,0.3939,0.008,0.7464,0.0,0.0,0.0,0.0
0c63c4a69b2a2a63324c8f458dc465799f774138,news,C:\Users\pedro\Desktop\projetos\Breno\gerador-conteudo\runs\2025-09-25_00-09-240m\out,653f5657dc903b6a236e6bb1c7e30a3b,2025-09-25 00:19:39,Ibama aprova resultado do simulado da Petrobras na Foz do Amazonas e solicita ajustes,,https://www.infomoney.com.br/mercados/ibama-aprova-resultado-de-simulado-da-petrobras-na-foz-do-amazonas-pede-ajustes/,infomoney.com.br,petrobras resultado,,50.24,WATCH,0.6243,0.9,0.57,0.3547,0.8419,0.65,0.0,0.0,0.0
4a8edc4b6ee1b9ee75c5f8f7dc680405e21e8e4e,news,C:\Users\pedro\Desktop\projetos\Breno\gerador-conteudo\runs\2025-09-25_00-09-240m\out,cfdf7270943cd3b839853d9904a2a87a,2025-09-25 00:14:45,Réveillon de Fortaleza: Prefeitura anuncia dois dias de festa no Aterro da Praia de Iracema e em outros polos,,https://g1.globo.com/ce/ceara/noticia/2025/09/24/reveillon-de-fortaleza-prefeitura-anuncia-dois-dias-de-festa-no-aterro-da-praia-de-iracema-e-em-outros-polos.ghtml,g1.globo.com,,,37.44,DROP,0.6159,0.6,0.2799,0.4766,0.7118,0.75,0.0,0.0,0.0
ad4c335304a807b6a1084d18f05d44dd00f8216a,news,C:\Users\pedro\Desktop\projetos\Breno\gerador-conteudo\runs\2025-09-25_00-09-240m\out,59103eba30eb2aade03f9bd89ba45879,2025-09-25 00:12:24,Câmara aprova projeto que retira do arcabouço fiscal investimentos em saúde e educação financiados com Fundo Social,,https://g1.globo.com/politica/noticia/2025/09/24/camara-aprova-projeto-que-retira-do-arcabouco-fiscal-investimentos-em-saude-e-educacao-financiados-com-fundo-social.ghtml,g1.globo.com,,,47.22,DROP,0.6119,0.6,0.5919,0.394,0.7289,0.75,0.0,0.0,0.0
2f83cb94e4c337982b9edb0781cdd005982f1abc,news,C:\Users\pedro\Desktop\projetos\Breno\gerador-conteudo\runs\2025-09-25_00-09-240m\out,40c627686bddb9817937686932979f9e,2025-09-25 00:10:45,Resumão diário do JN: Queda de avião em MS mata um dos maiores arquitetos do mundo; Senado rejeita PEC da Blindagem e arquiva proposta,,https://g1.globo.com/podcast/resumao-diario/noticia/2025/09/24/resumao-diario-do-jn-queda-de-aviao-no-ms-mata-um-dos-maiores-arquitetos-do-mundo-senado-rejeita-pec-da-blindagem-e-arquiva-proposta.ghtml,g1.globo.com,,,25.15,DROP,0.6091,0.6,0.3026,0.0579,0.7413,0.0,0.0,0.0,0.0
b11b476ed2147afee2a54d69bd7ac623987603ac,news,C:\Users\pedro\Desktop\projetos\Breno\gerador-conteudo\runs\2025-09-25_00-09-240m\out,5228a19a57a7d72a3f3db57594a5595b,2025-09-25 00:07:34,"Comissão de Constituição e Justiça rejeita por unanimidade a PEC da Blindagem, e o Senado arquiva a proposta",,https://g1.globo.com/jornal-nacional/noticia/2025/09/24/comissao-de-constituicao-e-justica-rejeita-por-unanimidade-a-pec-da-blindagem-e-o-senado-arquiva-a-proposta.ghtml,g1.globo.com,,,34.48,DROP,0.6037,0.6,0.5632,0.197,0.6258,0.0,0.0,0.0,0.0
37cc49ef5d3366ffa37bc41dc41bc072d853e49d,news,C:\Users\pedro\Desktop\projetos\Breno\gerador-conteudo\runs\2025-09-25_00-09-240m\out,4d44dda5bc01f9b94d86f3d139b03956,2025-09-24 23:55:42,Fernando de Noronha recebe 3ª Jornada Animal com atendimentos gratuitos para cães e gatos,,https://g1.globo.com/pe/pernambuco/blog/viver-noronha/post/2025/09/24/fernando-de-noronha-recebe-3a-jornada-animal-com-atendimentos-gratuitos-para-caes-e-gatos.ghtml,g1.globo.com,,,29.15,DROP,0.5842,0.6,0.3608,0.2391,0.8679,0.0,0.0,0.0,0.0
61205d68a0b4d2b59af1a64c970f20d5a6d8fdd5,news,C:\Users\pedro\Desktop\projetos\Breno\gerador-conteudo\runs\2025-09-25_00-09-240m\out,54a4aa9ead82a996736d7915dc4beff1,2025-09-24 23:51:38,Tempestade mais forte do mundo em 2025 deixa 24 mortos e mais de 120 feridos no leste da Ásia,,https://g1.globo.com/jornal-nacional/noticia/2025/09/24/tempestade-mais-forte-do-mundo-em-2025-deixa-24-mortos-e-mais-de-120-feridos-no-leste-da-asia.ghtml,g1.globo.com,,,32.2,DROP,0.5776,0.6,0.1598,0.4418,0.9716,0.0,0.0,0.0,0.0
7e3b5ce64c51b1091cf752c5c68233cd6fc88a71,news,C:\Users\pedro\Desktop\projetos\Breno\gerador-conteudo\runs\2025-09-25_00-09-240m\out,d9e616ef8b0bbc2560713169bb609f94,2025-09-24 23:51:37,"Na ONU, líderes mundiais debatem o futuro do clima no planeta",,https://g1.globo.com/jornal-nacional/noticia/2025/09/24/na-onu-lideres-mundiais-debatem-o-futuro-do-clima-no-planeta.ghtml,g1.globo.com,,,38.74,DROP,0.5776,0.6,0.6254,0.3491,0.9023,0.0,0.0,0.0,0.0
4a08e7a907703bc03b0701dda76bb653e4e25372,news,C:\Users\pedro\Desktop\projetos\Breno\gerador-conteudo\runs\2025-09-25_00-09-240m\out,1c087e4fe04d57f4f23d09666a00d4b7,2025-09-24 23:50:12,Youtuber é preso em flagrante após troca de tiros com policiais e fazer companheira e filho de escudo em Feira de Santana,,https://g1.globo.com/ba/feira-de-santana-regiao/noticia/2025/09/24/homem-e-preso-em-flagrante-apos-troca-de-tiros-com-policiais.ghtml,g1.globo.com,,,40.99,DROP,0.5753,0.6,0.6752,0.0061,0.9475,0.75,0.0,0.0,0.0
ab3680c4714577260ac229448f6630a433b65989,news,C:\Users\pedro\Desktop\projetos\Breno\gerador-conteudo\runs\2025-09-25_00-09-240m\out,6cba86494233a7e2fd1d5b756c536e72,2025-09-24 23:44:07,"Zelador foi rendido ao identificar ladrão de peruca no elevador de prédio alvo de arrastão em Ribeirão Preto, SP",,https://g1.globo.com/sp/ribeirao-preto-franca/noticia/2025/09/24/zelador-foi-rendido-ao-identificar-ladrao-de-peruca-no-elevador-de-predio-alvo-de-arrastao-em-ribeirao-preto-sp.ghtml,g1.globo.com,,,37.21,DROP,0.5657,0.6,0.3129,0.2698,0.9227,0.75,0.0,0.0,0.0
dea4bfd5aec0a57894fc7b9ff0ef2e53ba27cb0c,news,C:\Users\pedro\Desktop\projetos\Breno\gerador-conteudo\runs\2025-09-25_00-09-240m\out,3af273019b3e88ba6039e00844cb9bef,2025-09-24 23:44:02,Santos celebra 25 anos do Bonde Turístico com app de realidade aumentada e Bonde Pelé multimídia,,https://g1.globo.com/sp/santos-regiao/noticia/2025/09/24/santos-celebra-25-anos-do-bonde-turistico-com-app-de-realidade-aumentada-e-bonde-pele-multimidia.ghtml,g1.globo.com,,,28.3,DROP,0.5655,0.6,0.1988,0.3787,0.9756,0.0,0.0,0.0,0.0
49657b4a4c2745d234b5d17731fc63e9256f18ee,news,C:\Users\pedro\Desktop\projetos\Breno\gerador-conteudo\runs\2025-09-25_00-09-240m\out,16d53e797cdaf4698ada550c09512c6a,2025-09-24 23:41:17,"'Aquilo que parecia impossível deixou de ser', diz Lula sobre encontro com Trump",,https://g1.globo.com/jornal-nacional/noticia/2025/09/24/aquilo-que-parecia-impossivel-deixou-de-ser-diz-lula-sobre-encontro-com-trump.ghtml,g1.globo.com,,,31.57,DROP,0.5612,0.6,0.2947,0.2704,0.8315,0.0,0.0,0.0,0.0
4bc7fb052d378309d93906a0ad4316ebcf8fb4c1,news,C:\Users\pedro\Desktop\projetos\Breno\gerador-conteudo\runs\2025-09-25_00-09-240m\out,2fca4fa0a0b2d7e69985dd7d178bb098,2025-09-24 23:39:29,Porta-voz do governo russo reage às críticas feitas por Trump e diz que a Rússia é um ‘urso’,,https://g1.globo.com/jornal-nacional/noticia/2025/09/24/porta-voz-do-governo-russo-reage-as-criticas-feitas-por-trump-e-diz-que-a-russia-e-um-urso.ghtml,g1.globo.com,,,38.45,DROP,0.5584,0.6,0.6903,0.2801,0.846,0.0,0.0,0.0,0.0
e5b967ecc63fa4c9d6d493b94da4edf3fa8420b3,news,C:\Users\pedro\Desktop\projetos\Breno\gerador-conteudo\runs\2025-09-25_00-09-240m\out,07a3e2f75c2267ea9de46315c60f9e73,2025-09-24 23:37:03,"Mutirão 'Viva Unido' leva serviços gratuitos e atividades culturais nesta sexta ao Jabaquara, na Zona Sul de SP",,https://g1.globo.com/sp/sao-paulo/noticia/2025/09/24/mutirao-viva-unido-leva-servicos-gratuitos-e-atividades-culturais-nesta-sexta-ao-jabaquara-na-zona-sul-de-sp.ghtml,g1.globo.com,,,39.55,DROP,0.5547,0.6,0.4846,0.2389,0.9449,0.75,0.0,0.0,0.0
11ad80941032b3e5411d885e0b2b4071d66ff2b4,news,C:\Users\pedro\Desktop\projetos\Breno\gerador-conteudo\runs\2025-09-25_00-09-240m\out,18321d520ad6239b8e1e549cc10263bd,2025-09-24 23:36:22,"Terremoto de magnitude 6,2 atinge a Venezuela",,https://g1.globo.com/mundo/noticia/2025/09/24/terremoto-atinge-venezuela.ghtml,g1.globo.com,,,26.63,DROP,0.5536,0.6,0.085,0.3275,0.628,0.0,0.0,0.0,0.0
f4025be70bebf36f20678a2ed59199febd7c9702,news,C:\Users\pedro\Desktop\projetos\Breno\gerador-conteudo\runs\2025-09-25_00-09-240m\out,3a8ed6077bebe6a59e19b285cc6fc46d,2025-09-24 23:32:18,"Em encontro com Zelensky, Lula lamenta sofrimento humano e volta a afirmar que não haverá saída militar para conflito entre Rússia e Ucrânia",,https://g1.globo.com/jornal-nacional/noticia/2025/09/24/em-encontro-com-zelensky-lula-lamenta-sofrimento-humano-e-volta-a-afirmar-que-nao-havera-saida-militar-para-o-conflito-entre-russia-e-ucrania.ghtml,g1.globo.com,,,34.35,DROP,0.5474,0.6,0.0024,0.2113,0.7055,0.75,0.0,0.0,0.0
161f8dd843f5aa3bf623aaf35382e868bde8aae5,news,C:\Users\pedro\Desktop\projetos\Breno\gerador-conteudo\runs\2025-09-25_00-09-240m\out,65db0d58aa108b6c609ebe1892d9bd4e,2025-09-24 23:30:53,Confira o resultado da Quina do concurso 6835 desta quarta (24),,https://www.infomoney.com.br/consumo/confira-o-resultado-da-quina-do-concurso-6835-desta-quarta-24/,infomoney.com.br,resultado,,44.11,DROP,0.5452,0.9,0.1137,0.3374,0.6847,1.0,0.0,0.0,0.0
1171b37fb298aa62cda40bd8c24ab528d0053581,news,C:\Users\pedro\Desktop\projetos\Breno\gerador-conteudo\runs\2025-09-25_00-09-240m\out,58289f26f4d9b048c4e3a043c1093ee9,2025-09-24 23:30:18,Papa Leão XIV recebeu com tristeza notícia da morte do arcebispo emérito de Campinas,,https://g1.globo.com/sp/campinas-regiao/noticia/2025/09/24/papa-leao-xiv-recebeu-com-tristeza-noticia-da-morte-do-arcebispo-emerito-de-campinas.ghtml,g1.globo.com,,,30.95,DROP,0.5444,0.6,0.4595,0.274,0.9554,0.0,0.0,0.0,0.0
a2e6bfe7218e4b7115fe4f9407346070e2217d44,news,C:\Users\pedro\Desktop\projetos\Breno\gerador-conteudo\runs\2025-09-25_00-09-240m\out,482476d6e782f1908fd5796fe18a60ce,2025-09-24 23:30:09,"Ibama aprova simulado de emergência da Petrobras, e exploração na Foz do Amazonas avança",,https://g1.globo.com/meio-ambiente/noticia/2025/09/24/ibama-aprova-simulado-de-emergencia-da-petrobras-e-exploracao-na-foz-do-amazonas-avanca.ghtml,g1.globo.com,petrobras,,38.26,DROP,0.5441,0.6,0.6103,0.4922,0.8007,0.0,0.0,0.0,0.0
17d8fbf14a18db121de2631b0e71130d3b96938c,news,C:\Users\pedro\Desktop\projetos\Breno\gerador-conteudo\runs\2025-09-25_00-09-240m\out,7543d40a7245053c3b4d9bea4b320c2b,2025-09-24 23:26:55,Lei que autorizava enfermeiros a fazerem suturas simples é derrubada no Acre,,https://g1.globo.com/ac/acre/noticia/2025/09/24/lei-que-autorizava-enfermeiros-a-fazerem-suturas-simples-e-derrubada-no-acre.ghtml,g1.globo.com,,,41.47,DROP,0.5393,0.6,0.3243,0.4334,0.6926,0.75,0.0,0.0,0.0
756c221927731e8051440bea00748eb2d33646e4,news,C:\Users\pedro\Desktop\projetos\Breno\gerador-conteudo\runs\2025-09-25_00-09-240m\out,700067bff686d4793f986add017471d4,2025-09-24 23:22:30,"Os 80 anos de Gal Costa motivam três edições digitais e (outro) LP do álbum ‘Estratosférica’, com efeitos na capa",,https://g1.globo.com/pop-arte/musica/blog/mauro-ferreira/post/2025/09/24/os-80-anos-de-gal-costa-motivam-tres-edicoes-digitais-e-outro-lp-do-album-estratosferica-com-efeitos-na-capa.ghtml,g1.globo.com,,,25.65,DROP,0.5327,0.6,0.0143,0.3509,0.6731,0.0,0.0,0.0,0.0
8d7a5fbf0b53df7e626b64216130dced36d94c47,news,C:\Users\pedro\Desktop\projetos\Breno\gerador-conteudo\runs\2025-09-25_00-09-240m\out,07f498f6082531c6b69e19f77dcf3d6e,2025-09-24 23:20:40,"Arquiteto chinês Kongjian Yu, famoso pelo conceito de cidades-esponja, e mais 3 pessoas morrem em queda de avião no MS",,https://g1.globo.com/jornal-nacional/noticia/2025/09/24/arquiteto-chines-kongjian-yu-famoso-pelo-conceito-de-cidades-esponja-e-mais-3-pessoas-morrem-em-queda-de-aviao-no-ms.ghtml,g1.globo.com,,,19.82,DROP,0.53,0.6,0.0133,0.0775,0.7121,0.0,0.0,0.0,0.0
b6741859691bb0c9c3f5561e6471e7e578d2fd92,news,C:\Users\pedro\Desktop\projetos\Breno\gerador-conteudo\runs\2025-09-25_00-09-240m\out,941cbe346fa3decbfe830a35e15f9f27,2025-09-24 23:18:57,"Ibama aprova simulação de emergência feita pela Petrobras na Bacia da Foz do Amazonas, no AP",,https://g1.globo.com/ap/amapa/noticia/2025/09/24/ibama-aprova-simulacao-de-emergencia-feita-pela-petrobras-na-bacia-da-foz-do-amazonas-no-ap.ghtml,g1.globo.com,petrobras,,26.55,DROP,0.5275,0.6,0.208,0.4583,0.7206,0.0,0.0,0.0,0.0
2cbbe7047ddf178c636dd85975844d55b25438a8,news,C:\Users\pedro\Desktop\projetos\Breno\gerador-conteudo\runs\2025-09-25_00-09-240m\out,46ed858d39955baa9bd860ddc3eeac8f,2025-09-24 23:18:24,Inscrições abertas para cursos gratuitos de desenvolvimento profissional em Campo Grande,,https://g1.globo.com/ms/mato-grosso-do-sul/noticia/2025/09/24/inscricoes-abertas-para-cursos-gratuitos-de-desenvolvimento-profissional-em-campo-grande.ghtml,g1.globo.com,,,23.14,DROP,0.5267,0.6,0.0804,0.2702,0.7095,0.0,0.0,0.0,0.0
dfc0e1ebfc2ede4ba40fe80a231ffdf8a3517586,news,C:\Users\pedro\Desktop\projetos\Breno\gerador-conteudo\runs\2025-09-25_00-09-240m\out,d22c0e9198096bf43c3d44e85605ecaf,2025-09-24 23:16:37,Guarda Municipal morre após ser atingido por caçamba de caminhão em Mogi Guaçu,,https://g1.globo.com/sp/campinas-regiao/noticia/2025/09/24/guarda-municipal-morre-apos-ser-atingido-por-cacamba-de-caminhao-em-mogi-guacu.ghtml,g1.globo.com,,,21.17,DROP,0.5241,0.6,0.5356,0.0151,0.8567,0.0,0.0,0.0,0.0
52f0aedac0f039d7389d4648d5c113056ce5e345,news,C:\Users\pedro\Desktop\projetos\Breno\gerador-conteudo\runs\2025-09-25_00-09-240m\out,5d315bb79369d5111132f9e5156c63a1,2025-09-24 23:13:47,PEC da blindagem é barrada no Senado: como proposta foi derrotada,,https://www.bbc.com/portuguese/articles/cqjewjqd5rqo?at_medium=RSS&at_campaign=rss,bbc.com,,,36.14,DROP,0.52,0.6,0.5146,0.4211,0.8619,0.0,0.0,0.0,0.0
6f03a08397d50a240b69532df3cc8d5806a2ac53,news,C:\Users\pedro\Desktop\projetos\Breno\gerador-conteudo\runs\2025-09-25_00-09-240m\out,39020e78744e75065a43f335d7400d14,2025-09-24 23:12:58,Cadeirante não consegue embarcar em plataforma elevatória de ônibus em Mogi das Cruzes,,https://g1.globo.com/sp/mogi-das-cruzes-suzano/noticia/2025/09/24/cadeirante-nao-consegue-embarcar-em-plataforma-elevatoria-de-onibus-em-mogi-das-cruzes.ghtml,g1.globo.com,,,34.71,DROP,0.5188,0.6,0.3433,0.2273,0.6642,0.75,0.0,0.0,0.0
bbfcf18bf11630e6a136cac1e06ac618036ca794,news,C:\Users\pedro\Desktop\projetos\Breno\gerador-conteudo\runs\2025-09-25_00-09-240m\out,688b3e39399839f87ea457bbc8d7486d,2025-09-24 23:10:50,"'Jimmy Kimmel Live!' return draws 6.26 million viewers, ABC parent Disney says",,https://www.cnbc.com/2025/09/24/jimmy-kimmel-return-ratings-abc-disney.html,cnbc.com,,,35.88,DROP,0.5157,0.88,0.2361,0.4754,0.922,0.0,0.0,0.0,0.0
1b596e8c98568b3724027940124e80ae0bd36b93,news,C:\Users\pedro\Desktop\projetos\Breno\gerador-conteudo\runs\2025-09-25_00-09-240m\out,0cb761b43b488fb2531a738d25ae8366,2025-09-24 23:09:28,Mulher é condenada a mais de 12 anos de prisão por morte da família Monare na BR-050; cabe recurso da decisão,,https://g1.globo.com/mg/triangulo-mineiro/noticia/2025/09/24/mulher-e-condenada-a-mais-de-12-anos-de-prisao-por-morte-da-familia-monare-na-br-050-cabe-recurso-da-decisao.ghtml,g1.globo.com,,,24.27,DROP,0.5138,0.6,0.0875,0.2278,0.9139,0.0,0.0,0.0,0.0
4730e3490168420c8202e58b0dd1776ca08e3981,news,C:\Users\pedro\Desktop\projetos\Breno\gerador-conteudo\runs\2025-09-25_00-09-240m\out,f13b503913d3ad4258cbe6a7826a4c01,2025-09-24 23:07:56,"Fraude no INSS: quase 93% dos beneficiários do Piauí já foram ressarcidos após Governo Federal devolver R$ 20,1 mi",,https://g1.globo.com/pi/piaui/noticia/2025/09/24/fraude-no-inss-quase-93percent-dos-beneficiarios-do-piaui-ja-foram-ressarcidos-apos-governo-federal-devolver-r-201-mi.ghtml,g1.globo.com,fed,,33.24,DROP,0.5116,0.6,0.3183,0.0184,0.8903,0.65,0.0,0.0,0.0
6e71cbac2691f39fa16910cccd112e4c1b4eeae0,news,C:\Users\pedro\Desktop\projetos\Breno\gerador-conteudo\runs\2025-09-25_00-14-360m\out,d3f0a861494d67a4ad51c5b393d78d54,2025-09-24 23:05:13,Polícia Civil não indicia sargento da PM em inquérito que investigou furto de armas em Uruará,,https://g1.globo.com/pa/santarem-regiao/noticia/2025/09/24/policia-civil-nao-indicia-sargento-da-pm-em-inquerito-que-investigou-furto-de-armas-em-uruara.ghtml,g1.globo.com,,,26.56,DROP,0.5012,0.6,0.2325,0.2072,0.9765,0.0,0.0,0.0,0.0
1b8810e6420093f1a4a113fcea9224c97cb8fa22,news,C:\Users\pedro\Desktop\projetos\Breno\gerador-conteudo\runs\2025-09-25_00-14-360m\out,0d63ae4dcfe9ba9d4e6496586bde3047,2025-09-24 23:01:33,"Durante congresso que discute o futuro da TV e do rádio no Brasil, empresários apostam na TV 3.0",,https://g1.globo.com/pr/parana/noticia/2025/09/24/congresso-tv-e-radio-no-brasil-curitiba.ghtml,g1.globo.com,,,22.51,DROP,0.4961,0.6,0.0475,0.1981,0.824,0.0,0.0,0.0,0.0
d754f28765134940b55fa825b8e475a9a69d7d54,news,C:\Users\pedro\Desktop\projetos\Breno\gerador-conteudo\runs\2025-09-25_00-14-360m\out,5fa7d480a7f5516d5878056be8f415ab,2025-09-24 23:01:05,"Delegado do Demacro sofre tentativa de assalto e atira contra criminoso em Pinheiros, na Zona Oeste de SP",,https://g1.globo.com/sp/sao-paulo/noticia/2025/09/24/delegado-do-demacro-sofre-tentativa-de-assalto-e-atira-contra-criminoso-em-pinheiros-na-zona-oeste.ghtml,g1.globo.com,,,39.6,DROP,0.4955,0.6,0.4441,0.4112,0.604,1.0,0.0,0.0,0.0
fd47e6f5ff25103db0b78712bfdb968033ff7ef1,news,C:\Users\pedro\Desktop\projetos\Breno\gerador-conteudo\runs\2025-09-25_00-14-360m\out,47fe1cbca29f4c3e27bdd6a2f2e933ef,2025-09-24 22:59:40,Haddad defende governo e diz que vai recorrer após TCU alertar sobre irregularidade na busca da meta fiscal,,https://g1.globo.com/economia/noticia/2025/09/24/haddad-defende-governo-e-diz-que-vai-recorrer-apos-tcu-apontar-manobra-para-meta-fiscal.ghtml,g1.globo.com,,,39.96,DROP,0.4935,0.6,0.3415,0.2695,0.7368,0.75,0.0,0.0,0.0
9e307b91cc5b8d64abf5b6e5c81beb3a98390995,news,C:\Users\pedro\Desktop\projetos\Breno\gerador-conteudo\runs\2025-09-25_00-14-360m\out,c88f886ba1fae46e51dc26488663c075,2025-09-24 22:59:37,Ausência de intérpretes de Libras na rede municipal de Teresina é alvo de ação do MP,,https://g1.globo.com/pi/piaui/noticia/2025/09/24/ausencia-de-interpretes-de-libras-na-rede-municipal-de-teresina-e-alvo-de-acao-do-mp.ghtml,g1.globo.com,,,31.98,DROP,0.4935,0.6,0.6723,0.4247,0.6189,0.0,0.0,0.0,0.0
829bdc92b2e7f826e92478c4a7d62d9138665d2f,news,C:\Users\pedro\Desktop\projetos\Breno\gerador-conteudo\runs\2025-09-25_00-14-360m\out,6b295dec62ecaf26f79aa6c6529a949e,2025-09-24 22:59:19,"Segurança na unidade de saúde em Lagarto onde médica sofreu tentativa de estupro é precária, diz Cremese",,https://g1.globo.com/se/sergipe/noticia/2025/09/24/seguranca-na-unidade-de-saude-em-lagarto-onde-medica-sofreu-tentativa-de-estupro-e-precaria-diz-cremese.ghtml,g1.globo.com,,,26.11,DROP,0.4931,0.6,0.4378,0.0332,0.6548,0.9,0.0,0.0,0.0
920f3782bd2a1536baac16960bf28f7117fbfc27,news,C:\Users\pedro\Desktop\projetos\Breno\gerador-conteudo\runs\2025-09-25_00-14-360m\out,45385eeb23908dacc64c493243ed88a3,2025-09-24 22:53:07,Varejo cresce 14% na Semana do Cliente e tecnologia lidera compras no fim de ano,,https://www.infomoney.com.br/minhas-financas/varejo-cresce-14-na-semana-do-cliente-e-tecnologia-lidera-compras-no-fim-de-ano/,infomoney.com.br,,,40.25,DROP,0.4846,0.9,0.6839,0.3568,0.691,0.0,0.0,0.0,0.0
2ad22be4ff2caed81953bf624e8cb88cc59b057b,news,C:\Users\pedro\Desktop\projetos\Breno\gerador-conteudo\runs\2025-09-25_00-14-360m\out,259b675d57dc8502a3649d059feb930b,2025-09-24 22:52:09,"Trump claims ‘sabotage’ at U.N. from escalator, teleprompter and mic",,https://www.cnbc.com/2025/09/24/trump-sabotage-un-escalator-teleprompter-mic.html,cnbc.com,,,39.14,DROP,0.4833,0.88,0.6779,0.3523,0.6094,0.0,0.0,0.0,0.0
359c453d1145bc6fdcb5b5a2077168bc492a7d1b,news,C:\Users\pedro\Desktop\projetos\Breno\gerador-conteudo\runs\2025-09-25_00-14-360m\out,5e4928fea37f5d0db93dd07cf01f16d4,2025-09-24 22:52:03,Operação Successione: Justiça restabelece prisão preventiva de 5 investigados em MS,,https://g1.globo.com/ms/mato-grosso-do-sul/noticia/2025/09/24/operacao-successione-justica-restabelece-prisao-preventiva-de-5-investigados-em-ms.ghtml,g1.globo.com,,,31.4,DROP,0.4832,0.6,0.6941,0.0018,0.9419,0.0,0.0,0.0,0.0
f7054982673b6a48fc55b7057214a32d8f48b000,news,C:\Users\pedro\Desktop\projetos\Breno\gerador-conteudo\runs\2025-09-25_00-14-360m\out,d36e22d4d6de6bf5fe6fdd477f1ba6da,2025-09-24 22:50:24,Corpo de mergulhador que desapareceu próximo a lago é encontrado,,https://g1.globo.com/go/goias/noticia/2025/09/24/corpo-de-mergulhador-que-desapareceu-proximo-a-lago-e-encontrado.ghtml,g1.globo.com,,,24.9,DROP,0.481,0.6,0.0865,0.3785,0.9151,0.0,0.0,0.0,0.0
133680468e1b4b713703d969ab1bfbda454ac5f0,news,C:\Users\pedro\Desktop\projetos\Breno\gerador-conteudo\runs\2025-09-25_00-14-360m\out,84bccbbc2668fea2b6a583f218083a10,2025-09-24 22:49:25,Rodovia SP-284 é interditada para obras nesta quinta e sexta-feira no interior de SP; saiba horários e desvios,,https://g1.globo.com/sp/presidente-prudente-e-regiao/noticia/2025/09/24/rodovia-sp-284-e-interditada-para-obras-nesta-quinta-e-sexta-feira-no-interior-de-sp-saiba-horarios-e-desvios.ghtml,g1.globo.com,,,33.42,DROP,0.4797,0.6,0.2369,0.2662,0.7442,0.75,0.0,0.0,0.0
5f8644d63129387c23d988f9ff0405fb42611607,news,C:\Users\pedro\Desktop\projetos\Breno\gerador-conteudo\runs\2025-09-25_00-14-360m\out,971be0c6d18a3b5a5d12fb5d5ecdc00f,2025-09-24 22:47:48,Here's why Jim Cramer is more cautious on speculative stocks,,https://www.cnbc.com/2025/09/24/heres-why-jim-cramer-is-more-cautious-on-speculative-stocks.html,cnbc.com,,,36.45,DROP,0.4775,0.88,0.4214,0.4872,0.6828,0.0,0.0,0.0,0.0
57b1d35c7660e15234087390e43641eb02db6643,news,C:\Users\pedro\Desktop\projetos\Breno\gerador-conteudo\runs\2025-09-25_00-14-360m\out,39133d336975eb757ddf0d3ebe765d10,2025-09-24 22:47:01,Projeto que garante cannabis medicinal no SUS de MG é aprovado em 1º turno,,https://g1.globo.com/mg/minas-gerais/noticia/2025/09/24/projeto-que-garante-cannabis-medicinal-no-sus-de-mg-e-aprovado-em-1o-turno.ghtml,g1.globo.com,,,25.23,DROP,0.4765,0.6,0.3004,0.0452,0.8735,0.0,0.0,0.0,0.0
df9bb627e49b702af930072c44992279204452a9,news,C:\Users\pedro\Desktop\projetos\Breno\gerador-conteudo\runs\2025-09-25_00-14-360m\out,511ab068bcb13030996f0183b966444d,2025-09-24 22:46:59,Funcionários de empresa de Pouso Alegre são presos em operação contra fraudes em licitações no interior de SP,,https://g1.globo.com/mg/sul-de-minas/noticia/2025/09/24/funcionarios-de-empresa-de-pouso-alegre-sao-presos-em-operacao-contra-fraudes-em-licitacoes-no-interior-de-sp.ghtml,g1.globo.com,,,27.58,DROP,0.4764,0.6,0.394,0.1299,0.9159,0.0,0.0,0.0,0.0
520c50269efc8c8b00e4bd0941946f10e9feb53c,news,C:\Users\pedro\Desktop\projetos\Breno\gerador-conteudo\runs\2025-09-25_00-14-360m\out,97bbdb77988154e444c74ee40ad422b4,2025-09-24 22:45:02,STF suspende trechos de PEC que restringia criação de Unidades de Conservação em MT,,https://g1.globo.com/mt/mato-grosso/noticia/2025/09/24/stf-suspende-trechos-de-pec-que-restringia-criacao-de-unidades-de-conservacao-em-mt.ghtml,g1.globo.com,,,28.04,DROP,0.4739,0.6,0.3301,0.3946,0.8456,0.0,0.0,0.0,0.0
c6070befc9326c97d40fdfe9be87ac7c87577314,news,C:\Users\pedro\Desktop\projetos\Breno\gerador-conteudo\runs\2025-09-25_00-14-360m\out,39e09aa816cdb6d12094b16ec9a989e1,2025-09-24 22:43:09,Lore Improta e Léo Santana comemoram aniversário de Liz com festa luxuosa em Salvador,,https://g1.globo.com/ba/bahia/noticia/2025/09/24/lore-improta-e-leo-santana-comemoram-aniversario-de-liz.ghtml,g1.globo.com,,,23.7,DROP,0.4714,0.6,0.218,0.2428,0.6463,0.0,0.0,0.0,0.0
14773c5e903265b59eb8496cafb076bbbd2531fa,news,C:\Users\pedro\Desktop\projetos\Breno\gerador-conteudo\runs\2025-09-25_00-14-360m\out,c732f7c811481c26fd350783d19a4201,2025-09-24 22:41:45,Prefeitura multa BRK em mais de R$ 195 mil após moradores reclamarem de falta de água em bairros de Palmas,,https://g1.globo.com/to/tocantins/noticia/2025/09/24/prefeitura-multa-brk-em-mais-de-r-195-mil-apos-moradores-reclamarem-de-falta-de-agua-em-bairros-de-palmas.ghtml,g1.globo.com,,,34.41,DROP,0.4696,0.6,0.1088,0.068,0.798,0.75,0.0,0.0,0.0
bac10ae8d8abc21a3689665e7f90ed0d62682c0a,news,C:\Users\pedro\Desktop\projetos\Breno\gerador-conteudo\runs\2025-09-25_00-14-360m\out,8cdd62d8774b0ed26ddc3156dd3fbbae,2025-09-24 22:40:45,Polícia apreende segunda adolescente envolvida em tortura de criança amarrada no interior de SP,,https://g1.globo.com/sp/sorocaba-jundiai/noticia/2025/09/24/apreende-adolescente-tortura-jundiai.ghtml,g1.globo.com,,,33.9,DROP,0.4683,0.6,0.6246,0.4689,0.9773,0.0,0.0,0.0,0.0
f97df6d5b1bfe0ad6e79fcc5a773f89c20410ac3,news,C:\Users\pedro\Desktop\projetos\Breno\gerador-conteudo\runs\2025-09-25_00-14-360m\out,3d0af0599f00359dc547922e5597efcd,2025-09-24 22:38:20,Bar de SP entra para a lista dos 100 melhores do mundo,,https://g1.globo.com/sp/sao-paulo/noticia/2025/09/24/inaugurado-em-2024-bar-de-sp-entra-para-lista-dos-100-melhores-do-mundo.ghtml,g1.globo.com,,,30.43,DROP,0.4651,0.6,0.5155,0.3507,0.8558,0.0,0.0,0.0,0.0
ad4928a6dd79ca076f23d69367cf644f849dca6f,news,C:\Users\pedro\Desktop\projetos\Breno\gerador-conteudo\runs\2025-09-25_00-14-360m\out,ada0fb211c2dc5cf7b67776df9418fd3,2025-09-24 22:37:14,Jovem resgatado de afogamento em Maricá morre no hospital,,https://g1.globo.com/rj/regiao-dos-lagos/noticia/2025/09/24/jovem-resgatado-de-afogamento-em-marica-morre-no-hospital.ghtml,g1.globo.com,,,31.25,DROP,0.4637,0.6,0.3578,0.061,0.6744,0.6,0.0,0.0,0.0
ac17fc83ca20ff29a9defd7f53c138e366518273,news,C:\Users\pedro\Desktop\projetos\Breno\gerador-conteudo\runs\2025-09-25_00-14-360m\out,e075c2b0f8be6ec0e2f4e39cf66b9940,2025-09-24 22:36:31,Cão farejador ajuda a encontrar mais de 11 kg de drogas escondidas em embarcação no Marajó,,https://g1.globo.com/pa/para/noticia/2025/09/24/cao-farejador-ajuda-a-encontrar-mais-de-11-kg-de-drogas-escondidas-em-embarcacao-no-marajo.ghtml,g1.globo.com,,,25.46,DROP,0.4628,0.6,0.3668,0.2287,0.6162,0.0,0.0,0.0,0.0
0c077e93ea770ff5015aa841a53eecb3dbb11fdf,news,C:\Users\pedro\Desktop\projetos\Breno\gerador-conteudo\runs\2025-09-25_00-14-360m\out,76a60e49ffa2167bc796b11925d39765,2025-09-24 22:36:24,CCR ViaLagos encerra campanha da Semana Nacional de Trânsito com ação educativa na RJ-124,,https://g1.globo.com/rj/regiao-dos-lagos/noticia/2025/09/24/ccr-vialagos-encerra-campanha-da-semana-nacional-de-transito-com-acao-educativa-na-rj-124.ghtml,g1.globo.com,,,24.2,DROP,0.4626,0.6,0.0311,0.4516,0.8957,0.0,0.0,0.0,0.0
1581e90bf41aec0129feaf947b0e972edd0116e1,news,C:\Users\pedro\Desktop\projetos\Breno\gerador-conteudo\runs\2025-09-25_00-14-360m\out,4b449676505dd933fc9f3b67ecb70e38,2025-09-24 22:35:13,Aluna é encontrada desmaiada dentro de banheiro em escola no Centro de Boa Vista,,https://g1.globo.com/rr/roraima/noticia/2025/09/24/aluna-e-encontrada-desmaiada-dentro-de-banheiro-em-escola-no-centro-de-boa-vista.ghtml,g1.globo.com,,,37.12,DROP,0.4611,0.6,0.5103,0.3881,0.6062,0.75,0.0,0.0,0.0
d4cbf81260e3a13337f7257be165f45e46405659,news,C:\Users\pedro\Desktop\projetos\Breno\gerador-conteudo\runs\2025-09-25_00-14-360m\out,8df385533909497f247163efaf71a47d,2025-09-24 22:32:24,IFSertãoPE oferece cursos gratuitos de violão em Petrolina e Cedro,,https://g1.globo.com/pe/petrolina-regiao/noticia/2025/09/24/ifsertaope-oferece-cursos-gratuitos-de-violao-em-petrolina-e-cedro.ghtml,g1.globo.com,,,29.83,DROP,0.4575,0.6,0.5151,0.1586,0.9836,0.0,0.0,0.0,0.0
b4ca0a5a3d529fab5813221cb9d3e6ffb9d560b1,news,C:\Users\pedro\Desktop\projetos\Breno\gerador-conteudo\runs\2025-09-25_00-14-360m\out,88013aab2a80138525689af707b11e93,2025-09-24 22:31:50,Laranjal Paulista ainda tem moradores sem energia após temporal; escolas seguem fechadas,,https://g1.globo.com/sp/itapetininga-regiao/noticia/2025/09/24/laranjal-paulista-ainda-tem-moradores-sem-energia-apos-temporal-escolas-seguem-fechadas.ghtml,g1.globo.com,,,23.76,DROP,0.4568,0.6,0.1274,0.4363,0.6718,0.0,0.0,0.0,0.0
be7db3cbf98b9a08e2d9a21c8c3cf3b26713b530,news,C:\Users\pedro\Desktop\projetos\Breno\gerador-conteudo\runs\2025-09-25_00-14-360m\out,153ec577043af2abbb9d790e6dfb64b1,2025-09-24 22:31:43,É #FAKE que presidente de El Salvador disse ter acordo com EUA para prender Maduro; entrevista de Bukele foi manipulada com IA,,https://g1.globo.com/fato-ou-fake/noticia/2025/09/24/e-fake-que-presidente-de-el-salvador-disse-ter-acordo-com-eua-para-prender-maduro-entrevista-de-bukele-foi-manipulada-com-ia.ghtml,g1.globo.com,,,37.74,DROP,0.4567,0.6,0.643,0.444,0.8963,0.0,0.0,0.0,0.0
505d08065b378b71969935a4d3d622aed2597451,news,C:\Users\pedro\Desktop\projetos\Breno\gerador-conteudo\runs\2025-09-25_00-14-360m\out,fdfc312229153b6f6ab9590a18088a3a,2025-09-24 22:30:47,Homem é condenado a 17 anos de prisão por matar por engano maratonista que fazia palavras cruzadas na calçada,,https://g1.globo.com/go/goias/noticia/2025/09/24/homem-e-condenado-a-17-anos-de-prisao-por-matar-por-engano-maratonista-que-fazia-palavras-cruzadas-na-calcada.ghtml,g1.globo.com,,,31.09,DROP,0.4555,0.6,0.5512,0.3742,0.869,0.0,0.0,0.0,0.0
a43b6319f75705859b7deb2a03d5d3a6a82f6798,news,C:\Users\pedro\Desktop\projetos\Breno\gerador-conteudo\runs\2025-09-25_00-14-360m\out,42688de2a4b9214edde4d0be18c80873,2025-09-24 22:30:47,Loteria Federal hoje: resultado do concurso 6003 e números sorteados,,https://g1.globo.com/loterias/loteria-federal/noticia/2025/09/24/loteria-federal-hoje-resultado-do-concurso-6003-e-numeros-sorteados.ghtml,g1.globo.com,fed resultado,,37.62,DROP,0.4555,0.6,0.4302,0.0426,0.7364,0.65,0.0,0.0,0.0
bfdc72f7b70b3b980f38cba75439536945ee649e,news,C:\Users\pedro\Desktop\projetos\Breno\gerador-conteudo\runs\2025-09-25_00-14-360m\out,d8ada3dbc01e0c1e0317dca938ec2c13,2025-09-24 22:29:23,Mecânico de 19 anos morre esmagado pelo próprio carro durante conserto em oficina de Manaus,,https://g1.globo.com/am/amazonas/noticia/2025/09/24/mecanico-de-19-anos-morre-apos-proprio-carro-cair-sobre-ele-em-oficina-de-manaus.ghtml,g1.globo.com,,,28.66,DROP,0.4537,0.6,0.3884,0.3502,0.8974,0.0,0.0,0.0,0.0
ed5530834f2b003e4744d99dd5f5f6050b5af4ba,news,C:\Users\pedro\Desktop\projetos\Breno\gerador-conteudo\runs\2025-09-25_00-14-360m\out,81a8928ea497649862e8ade2f42a65b5,2025-09-24 22:27:30,Assista aos telejornais da TV Liberal,,https://g1.globo.com/pa/para/ao-vivo/assista-aos-telejornais-da-tv-liberal.ghtml,g1.globo.com,,,23.17,DROP,0.4513,0.6,0.213,0.1725,0.6966,0.0,0.0,0.0,0.0
1f95038fc33acbe92e43b908b2d09070f6a4b03c,news,C:\Users\pedro\Desktop\projetos\Breno\gerador-conteudo\runs\2025-09-25_00-14-360m\out,bd2436eac04b817bedcad85b36597869,2025-09-24 22:27:15,Homem que esfaqueou ex na frente da filha de 9 anos em Campinas é preso em Joanópolis,,https://g1.globo.com/sp/campinas-regiao/noticia/2025/09/24/homem-que-esfaqueou-ex-na-frente-da-filha-de-9-anos-em-campinas-e-preso-em-joanopolis.ghtml,g1.globo.com,,,29.2,DROP,0.451,0.6,0.5366,0.3663,0.6629,0.0,0.0,0.0,0.0
d0ba26686cd38e6ad9aac95b5e6b602d341ebab4,news,C:\Users\pedro\Desktop\projetos\Breno\gerador-conteudo\runs\2025-09-25_00-14-360m\out,7fbc666623af2d61fc8fc18b6364d3b7,2025-09-24 22:26:36,Policiais são presos suspeitos de envolvimento em esquema de exploração sexual infantil,,https://g1.globo.com/go/goias/noticia/2025/09/24/policiais-sao-presos-suspeitos-de-envolvimento-em-esquema-de-exploracao-sexual-infantil.ghtml,g1.globo.com,,,22.8,DROP,0.4502,0.6,0.0161,0.3957,0.8198,0.0,0.0,0.0,0.0
39175e48ed8ba9404c23f799e6d101e80de2ce4c,news,C:\Users\pedro\Desktop\projetos\Breno\gerador-conteudo\runs\2025-09-25_00-14-360m\out,242a710ff6504b6fbb242d9075db267c,2025-09-24 22:19:01,Concurso do Crea-PB tem inscrições prorrogadas e oferece 120 vagas com salários que passam de R$ 11 mil,,https://g1.globo.com/pb/paraiba/noticia/2025/09/24/concurso-do-crea-pb-2025-inscricoes-prorrogadas.ghtml,g1.globo.com,,,25.19,DROP,0.4408,0.6,0.0847,0.4707,0.9463,0.0,0.0,0.0,0.0
74dd1cadac112716c9400b257f722fd140626b76,news,C:\Users\pedro\Desktop\projetos\Breno\gerador-conteudo\runs\2025-09-25_00-14-360m\out,62a69218c166ecc8f4f9aa8243516f1e,2025-09-24 22:18:16,Mulher tem cabeça raspada por ex-marido que não aceitava fim do relacionamento em MT,,https://g1.globo.com/mt/mato-grosso/noticia/2025/09/24/mulher-tem-cabeca-raspada-por-ex-marido-que-nao-aceitava-fim-do-relacionamento-em-mt.ghtml,g1.globo.com,,,28.64,DROP,0.4399,0.6,0.3746,0.4035,0.897,0.0,0.0,0.0,0.0
28d30db9252677b649cd47ac7e955aea58410ea6,news,C:\Users\pedro\Desktop\projetos\Breno\gerador-conteudo\runs\2025-09-25_00-14-360m\out,feea7868dfd4581ab85dcd309cf30add,2025-09-24 22:17:26,MP do Tarifaço: Senado adia para semana que vem votação de destaques de projeto,,https://www.infomoney.com.br/mercados/mp-do-tarifaco-senado-adia-para-semana-que-vem-votacao-de-destaques-de-projeto/,infomoney.com.br,,,37.68,DROP,0.4389,0.9,0.6695,0.196,0.6698,0.0,0.0,0.0,0.0
1d1d28bd0b56fe3523c4c996885774fc5b19fed6,news,C:\Users\pedro\Desktop\projetos\Breno\gerador-conteudo\runs\2025-09-25_00-14-360m\out,fa3f16cbe5f69fa9e84a2af62e59b483,2025-09-24 22:16:57,Assista ao Boa Noite Espírito Santo,,https://g1.globo.com/es/espirito-santo/ao-vivo/ao-vivo-assista-ao-boa-noite-espirito-santo.ghtml,g1.globo.com,,,28.74,DROP,0.4383,0.6,0.6316,0.0466,0.7562,0.0,0.0,0.0,0.0
ef8676a0be324e45cc4597f3076aa1f83e0536d1,news,C:\Users\pedro\Desktop\projetos\Breno\gerador-conteudo\runs\2025-09-25_00-14-360m\out,57a72530a68c8363392911e12385bde7,2025-09-24 22:16:46,Assaí pede que Justiça bloqueie ações do GPA pertencentes ao Casino,,https://www.infomoney.com.br/mercados/assai-pede-que-justica-bloqueie-acoes-do-gpa-pertencentes-ao-casino/,infomoney.com.br,,,33.73,DROP,0.4381,0.9,0.3032,0.1657,0.9695,0.0,0.0,0.0,0.0
0dc589b0da21766400421a79c91e620a54536f8d,news,C:\Users\pedro\Desktop\projetos\Breno\gerador-conteudo\runs\2025-09-25_00-14-360m\out,0f98548098394eb07943cf59aab49f1c,2025-09-24 22:16:16,Assista aos telejornais da TV Subaé,,https://g1.globo.com/ba/feira-de-santana-regiao/ao-vivo/assista-aos-telejornais-da-tv-subae.ghtml,g1.globo.com,,,20.7,DROP,0.4375,0.6,0.0515,0.1659,0.7234,0.0,0.0,0.0,0.0
fae6767a080a92f6a2b702d9e6f973984cac4cb5,news,C:\Users\pedro\Desktop\projetos\Breno\gerador-conteudo\runs\2025-09-25_00-14-360m\out,d6e6cee7e820b62b777abe45d41c5ecd,2025-09-24 22:15:56,Assista aos telejornais da TV Bahia,,https://g1.globo.com/ba/bahia/ao-vivo/assista-aos-telejornais-da-tv-bahia.ghtml,g1.globo.com,,,30.74,DROP,0.4371,0.6,0.6439,0.1607,0.8869,0.0,0.0,0.0,0.0
a7267563eef9b13a4d8b9186626830fa021f84da,news,C:\Users\pedro\Desktop\projetos\Breno\gerador-conteudo\runs\2025-09-25_00-14-360m\out,e0ac5547ce06aa93d5e1e4c936966739,2025-09-24 22:14:41,Berço de inovações: região de Campinas reúne 144 empresas ativas no Inova Simples,,https://g1.globo.com/sp/campinas-regiao/noticia/2025/09/24/berco-de-inovacoes-regiao-de-campinas-reune-144-empresas-ativas-no-inova-simples.ghtml,g1.globo.com,,,19.91,DROP,0.4356,0.6,0.0741,0.0681,0.6749,0.0,0.0,0.0,0.0
d0c8a0ef25bb7f45747702a43363f690859eeef4,news,C:\Users\pedro\Desktop\projetos\Breno\gerador-conteudo\runs\2025-09-25_00-14-360m\out,0294a7ed1adf32db20a974490049fa69,2025-09-24 22:14:21,Barras de maconha são apreendidas em apartamento onde casal mora com filhos bebês em Governador Valadares,,https://g1.globo.com/mg/vales-mg/noticia/2025/09/24/barras-de-maconha-sao-apreendidas-em-apartamento-onde-casal-mora-com-filhos-bebes-em-governador-valadares.ghtml,g1.globo.com,,,24.5,DROP,0.4352,0.6,0.1129,0.4305,0.8483,0.0,0.0,0.0,0.0
3b7502c2895f9639a34421bb19e8784a4dcdeab6,news,C:\Users\pedro\Desktop\projetos\Breno\gerador-conteudo\runs\2025-09-25_00-14-360m\out,f2b6d9d36c8969675ba1b8f12fa53744,2025-09-24 22:13:27,Assista ao Bom Dia Rio Grande,,https://g1.globo.com/rs/rio-grande-do-sul/ao-vivo/assista-ao-vivo-aos-telejornais-da-rbs-tv.ghtml,g1.globo.com,,,20.22,DROP,0.4341,0.6,0.3478,0.0555,0.7845,0.0,0.0,0.0,0.0
fb5923ba01b30c2b32cf553270c7b0604f82a1a4,news,C:\Users\pedro\Desktop\projetos\Breno\gerador-conteudo\runs\2025-09-25_00-14-360m\out,dbdc4b80f2559c9ce0697587fe8a71af,2025-09-24 22:13:12,Disney se prepara para batalha judicial com Trump após retorno de Jimmy Kimmel ao ar,,https://www.infomoney.com.br/mundo/disney-se-prepara-para-batalha-judicial-com-trump-apos-retorno-de-jimmy-kimmel-ao-ar/,infomoney.com.br,,,31.0,DROP,0.4338,0.9,0.3058,0.1625,0.6558,0.0,0.0,0.0,0.0
b603379b909bf0ce7e93d7f7754a5b32d8750313,news,C:\Users\pedro\Desktop\projetos\Breno\gerador-conteudo\runs\2025-09-25_00-14-360m\out,6e812ec44b6c1edc3008cf0fd09f14f7,2025-09-24 22:12:28,Professora responde na Justiça por lesão corporal contra aluno de três anos no RS; veja VÍDEO de agressão com pote,,https://g1.globo.com/rs/rio-grande-do-sul/noticia/2025/09/24/professora-responde-na-justica-por-lesao-corporal-contra-aluno-de-tres-anos-no-rs.ghtml,g1.globo.com,,,16.68,DROP,0.4329,0.6,0.2686,0.1479,0.6159,0.0,0.0,0.0,0.0
ff3834d151ffee73fc94280d522ad72058a2cf29,news,C:\Users\pedro\Desktop\projetos\Breno\gerador-conteudo\runs\2025-09-25_00-14-360m\out,0af43b5088ee4cd07724a6fa3c840f1b,2025-09-24 22:12:18,Justiça concede prisão domiciliar a fazendeiro acusado de morte de idoso em disputa de terras no AP,,https://g1.globo.com/ap/amapa/noticia/2025/09/24/justica-concede-prisao-domiciliar-a-fazendeiro-acusado-de-morte-de-idoso-em-disputa-de-terras-no-amapa.ghtml,g1.globo.com,,,30.21,DROP,0.4327,0.6,0.0747,0.3185,0.6805,0.75,0.0,0.0,0.0
59406db395d15d886dc27b215354c40a047a89a6,news,C:\Users\pedro\Desktop\projetos\Breno\gerador-conteudo\runs\2025-09-25_00-14-360m\out,db68f533d44e238c86b8bdad3e39c315,2025-09-24 22:11:54,EPTV2 - Ribeirão e Franca,,https://g1.globo.com/sp/ribeirao-preto-franca/ao-vivo/eptv-2-ribeirao-e-franca-ao-vivo.ghtml,g1.globo.com,,,28.94,DROP,0.4322,0.6,0.3887,0.2767,0.7851,0.75,0.0,0.0,0.0
86c9946a06188e51da517dad6250bceb0f84a862,news,C:\Users\pedro\Desktop\projetos\Breno\gerador-conteudo\runs\2025-09-25_00-14-360m\out,7c5f7fca0c60f531db259b52b86d0834,2025-09-24 22:11:44,Vereadores aprovam projeto que modifica lei do uso do solo em Salvador após MP recomendar suspensão de votação,,https://g1.globo.com/ba/bahia/noticia/2025/09/24/vereadores-aprovam-projeto-em-salvador-apos-mp-recomendar-suspensao-de-votacao.ghtml,g1.globo.com,,,28.41,DROP,0.432,0.6,0.3837,0.459,0.8082,0.0,0.0,0.0,0.0
1197baa3b0696a9b97928c01699aba69c1a9c95e,news,C:\Users\pedro\Desktop\projetos\Breno\gerador-conteudo\runs\2025-09-25_00-14-360m\out,008f8a0f48df3cf01a6a21df89432cea,2025-09-24 22:11:06,Polícia Civil detém suspeitos e localiza imóvel usado por quadrilha que assaltou prédio em Ribeirão Preto,,https://g1.globo.com/sp/ribeirao-preto-franca/noticia/2025/09/24/policia-civil-detem-suspeitos-e-localiza-imovel-usado-por-quadrilha-que-assaltou-predio-em-ribeirao-preto.ghtml,g1.globo.com,,,35.9,DROP,0.4312,0.6,0.3213,0.3531,0.9164,0.75,0.0,0.0,0.0
874f6ece1b6ea1c9bd512f01ea7ef909ad02d474,news,C:\Users\pedro\Desktop\projetos\Breno\gerador-conteudo\runs\2025-09-25_00-14-360m\out,162d0a51e7d1767211b472a45ffc500e,2025-09-24 22:06:24,Lula diz que conversa com Trump será 'civilizada': 'Pintou química mesmo',,https://www.bbc.com/portuguese/articles/crl592zj12zo?at_medium=RSS&at_campaign=rss,bbc.com,,,33.4,DROP,0.4257,0.6,0.4031,0.4623,0.9099,0.0,0.0,0.0,0.0
9ee227ac41ab5c1f40c1ca561bda621aaf7ab26c,news,C:\Users\pedro\Desktop\projetos\Breno\gerador-conteudo\runs\2025-09-25_00-14-360m\out,354f36f937a4e97fad9441673e2bce21,2025-09-24 22:02:00,"De CLT a empreendedor: ‘quase R$ 1 bi veio do meu Instagram’, diz cofundador da Nord",,https://www.infomoney.com.br/business/de-clt-a-empreendedor-quase-r-1-bi-veio-do-meu-instagram-diz-cofundador-da-nord/,infomoney.com.br,,,35.99,DROP,0.4205,0.9,0.524,0.2542,0.7413,0.0,0.0,0.0,0.0
4d02ebcf5434a53b4d8ca6201f4596916491b4ff,news,C:\Users\pedro\Desktop\projetos\Breno\gerador-conteudo\runs\2025-09-25_00-14-360m\out,920c5ea56464ce8b94141e612292335f,2025-09-24 21:55:26,Chicago Bears valued at nearly $9 billion in minority stake sale that sets an NFL record: Sources,,https://www.cnbc.com/2025/09/24/nfl-approves-sale-of-stake-in-chicago-bears-at-8point9-billion-valuation-sources.html,cnbc.com,,,33.93,DROP,0.4129,0.88,0.5264,0.0499,0.7438,0.0,0.0,0.0,0.0
cf010a10c03cd39b6d8480fd6e85cbb806561b5c,news,C:\Users\pedro\Desktop\projetos\Breno\gerador-conteudo\runs\2025-09-25_00-14-360m\out,7c4d8c8795b828941dfc9aba49bd50e7,2025-09-24 21:54:01,BC recebeu em 2025 denúncias de 53 ataques cibernéticos; foram 59 em 2024,,https://www.infomoney.com.br/minhas-financas/bc-recebeu-em-2025-denuncias-de-53-ataques-ciberneticos-foram-59-em-2024/,infomoney.com.br,,,34.27,DROP,0.4113,0.9,0.4288,0.27,0.7316,0.0,0.0,0.0,0.0
4dca239807bbe2488ec17ea243974eff87f80586,news,C:\Users\pedro\Desktop\projetos\Breno\gerador-conteudo\runs\2025-09-25_00-14-360m\out,29c855a2a48819ff3d403c40d8ec38f0,2025-09-24 21:17:00,Former FBI Director Comey expected to be indicted soon in Virginia federal court: MSNBC,,https://www.cnbc.com/2025/09/24/james-comey-fbi-indictment-trump-congress.html,cnbc.com,fed,,48.94,DROP,0.3711,0.88,0.6251,0.2775,0.668,1.0,0.0,0.0,0.0
ff5693e981cb2c11c660cc17431f1abb07d40597,news,C:\Users\pedro\Desktop\projetos\Breno\gerador-conteudo\runs\2025-09-25_00-19-720m\out,38def6d4f8ae0c4bd547f628926f79ca,2025-09-24 21:08:03,Inscrição 'anti-ICE' em bala e dois mortos: o que se sabe sobre ataque contra escritório de imigração nos EUA,,https://www.bbc.com/portuguese/articles/cevz81mn38jo?at_medium=RSS&at_campaign=rss,bbc.com,,,34.77,DROP,0.3567,0.6,0.6467,0.3255,0.8586,0.0,0.0,0.0,0.0
0a6f989ccbbece20c5fe2122f8fa5db9b5e12a78,news,C:\Users\pedro\Desktop\projetos\Breno\gerador-conteudo\runs\2025-09-25_00-19-720m\out,38411e5adb1eccf7492e8f57ff0ca25a,2025-09-24 21:02:33,"1 ICE detainee dead, 2 wounded in Dallas shooting; gunman identified",,https://www.cnbc.com/2025/09/24/ice-shooting-dallas-noem.html,cnbc.com,,,28.19,DROP,0.3513,0.88,0.0903,0.4147,0.699,0.0,0.0,0.0,0.0
8b09adb663361713fdd96204c1e8412e79d270c2,news,C:\Users\pedro\Desktop\projetos\Breno\gerador-conteudo\runs\2025-09-25_00-19-720m\out,f404fce96d066ee978b90b8a8fc86867,2025-09-24 20:53:18,Nexstar evaluating status of 'Jimmy Kimmel Live' for ABC stations after late night show's return,,https://www.cnbc.com/2025/09/24/jimmy-kimmel-live-nexstar-show-status-abc-stations.html,cnbc.com,,,34.99,DROP,0.3424,0.88,0.3836,0.4625,0.8825,0.0,0.0,0.0,0.0
5a39443cc3bb7d6803e02e6903b3e76a000f39f5,news,C:\Users\pedro\Desktop\projetos\Breno\gerador-conteudo\runs\2025-09-25_00-19-720m\out,0e41a1976b79468711f7dad73a427487,2025-09-24 20:19:18,Lithium Americas soars 95% as Trump administration seeks equity stake in Canadian miner,,https://www.cnbc.com/2025/09/24/lithium-americas-lac-equity-stake-trump-stock.html,cnbc.com,,,39.92,DROP,0.3116,0.88,0.6882,0.4269,0.9495,0.0,0.0,0.0,0.0
433cd38e8078b547f8dbfd5d58fe89dd0b0ff327,news,C:\Users\pedro\Desktop\projetos\Breno\gerador-conteudo\runs\2025-09-25_00-19-720m\out,75a598fe04fa0f4e472051e09671bf79,2025-09-24 19:50:18,A brasileira em lista dos 100 mais influentes de IA que oferece solução gratuita ao SUS,,https://www.bbc.com/portuguese/articles/cddmrprjpllo?at_medium=RSS&at_campaign=rss,bbc.com,,,38.11,DROP,0.2874,0.6,0.429,0.2504,0.775,0.75,0.0,0.0,0.0
d29913813f91b2e78cc565d873aa565289af24da,news,C:\Users\pedro\Desktop\projetos\Breno\gerador-conteudo\runs\2025-09-25_00-19-720m\out,1e47f3f6c24ecc8efd27223dce3adcf7,2025-09-24 19:11:23,Por que Milei precisou pedir ajuda aos EUA para lidar com crise econômica na Argentina?,,https://www.bbc.com/portuguese/articles/cy50gez9z6no?at_medium=RSS&at_campaign=rss,bbc.com,,,40.71,DROP,0.258,0.6,0.5387,0.4682,0.7029,0.75,0.0,0.0,0.0
1fb379e84f63098bd6cc33202ee2f75f46516846,news,C:\Users\pedro\Desktop\projetos\Breno\gerador-conteudo\runs\2025-09-25_00-19-720m\out,7bacf6dabeb8f219756c6ff687564c20,2025-09-24 19:00:33,Sam Altman on worries about OpenAI's $850 billion in planned buildouts: 'I totally get that',,https://www.cnbc.com/2025/09/23/sam-altman-openais-850-billion-in-planned-buildouts-bubble-concern.html,cnbc.com,,,37.53,DROP,0.2503,0.88,0.6611,0.3163,0.9562,0.0,0.0,0.0,0.0
5162983b32d7f3cdcc8444c181a8f0d6262360b8,news,C:\Users\pedro\Desktop\projetos\Breno\gerador-conteudo\runs\2025-09-25_00-19-720m\out,f29947b43375f8166e12fb0767a4e53c,2025-09-24 18:55:46,"Profit-taking hits the AI trade again, and Instagram reaches 3 billion monthly users",,https://www.cnbc.com/2025/09/24/profit-taking-hits-the-ai-trade-again-and-instagram-reaches-3-billion-monthly-users.html,cnbc.com,,,28.04,DROP,0.247,0.88,0.0122,0.463,0.997,0.0,0.0,0.0,0.0
51d77d5db5968358bffd5b1819055f716b6e5980,news,C:\Users\pedro\Desktop\projetos\Breno\gerador-conteudo\runs\2025-09-25_00-19-720m\out,167e405fe2c92f118255529aa98ddefe,2025-09-24 18:54:28,The 10 most expensive college towns in the U.S.—No. 1 has a median home price of $1.96 million,,https://www.cnbc.com/2025/09/24/most-expensive-college-towns-in-the-us.html,cnbc.com,,,29.35,DROP,0.2461,0.88,0.333,0.2429,0.7324,0.0,0.0,0.0,0.0
bb2b8741002c4a8d0c149af3ed51e373c3e85ad1,news,C:\Users\pedro\Desktop\projetos\Breno\gerador-conteudo\runs\2025-09-25_00-19-720m\out,42e3d339ef10c40962b3cac13b6776d7,2025-09-24 18:41:39,How luxury brands are tapping into the Labubu craze,,https://www.cnbc.com/2025/09/24/luxury-labubu-moynat-loewe-tiffany-omega.html,cnbc.com,,,25.02,DROP,0.2375,0.88,0.0748,0.3939,0.6045,0.0,0.0,0.0,0.0
33d674bd5852e567bd643a66577c03bd26807f78,news,C:\Users\pedro\Desktop\projetos\Breno\gerador-conteudo\runs\2025-09-25_00-19-720m\out,babfa3911c6f2512b5797a686d92e77a,2025-09-24 18:39:40,New York City mayor candidate Curtis Sliwa says he was offered money to quit race,,https://www.cnbc.com/2025/09/24/curtis-sliwa-new-york-mayor-trump-mamdani-cuomo.html,cnbc.com,,,26.19,DROP,0.2362,0.88,0.0236,0.4495,0.7921,0.0,0.0,0.0,0.0
df6605648c1f2b98827de561bbe78ef0f3d6ed38,news,C:\Users\pedro\Desktop\projetos\Breno\gerador-conteudo\runs\2025-09-25_00-19-720m\out,be018572d7cb0387e39b9eba085fb7b3,2025-09-24 18:31:02,Ford offers special financing to riskier F-150 buyers with lower credit scores,,https://www.cnbc.com/2025/09/24/ford-truck-financing-credit-score.html,cnbc.com,,,35.41,DROP,0.2306,0.88,0.507,0.4139,0.9565,0.0,0.0,0.0,0.0
02c84c0951f0c9648e1f6b9189d028c722351ad1,news,C:\Users\pedro\Desktop\projetos\Breno\gerador-conteudo\runs\2025-09-25_00-19-720m\out,6c7b6d07db5fbfe65c1eda8f365155a5,2025-09-24 18:30:56,Lula encontra Zelensky: as idas e vindas da relação entre os presidentes de Brasil e Ucrânia,,https://www.bbc.com/portuguese/articles/cpw11jneldeo?at_medium=RSS&at_campaign=rss,bbc.com,,,24.86,DROP,0.2306,0.6,0.2809,0.2737,0.7285,0.0,0.0,0.0,0.0
75f85c44fb6d55244322c8c7d67aea7bc0c792ea,news,C:\Users\pedro\Desktop\projetos\Breno\gerador-conteudo\runs\2025-09-25_00-19-720m\out,2ac99dd7d44e02d866361b3948d79cb1,2025-09-24 18:30:46,Co-founder of $1.7 billion startup: The No. 1 thing entrepreneurs should do first to help their new business succeed,,https://www.cnbc.com/2025/09/24/zenbusiness-co-founder-first-time-business-owners-must-do-this-first.html,cnbc.com,,,38.12,DROP,0.2305,0.88,0.3542,0.0467,0.8234,0.75,0.0,0.0,0.0
5e5ab691d2d89d1f28b55e795c07226299771c3a,news,C:\Users\pedro\Desktop\projetos\Breno\gerador-conteudo\runs\2025-09-25_00-19-720m\out,b7204817fcc23376f3019307cf0f9fbd,2025-09-24 18:24:59,Day trading is about to get easier for smaller retail investors,,https://www.cnbc.com/2025/09/24/day-trading-is-about-to-get-easier-for-smaller-retail-investors.html,cnbc.com,,,25.87,DROP,0.2268,0.88,0.2601,0.1365,0.6137,0.0,0.0,0.0,0.0
ac6945b0bf05ca26f36f9ab22a6b300a74a94043,news,C:\Users\pedro\Desktop\projetos\Breno\gerador-conteudo\runs\2025-09-25_00-19-720m\out,65a38cdf639da22f3042d901f1c42bbc,2025-09-24 18:22:46,"Trump's tennis invite from Rolex echoes Apple, Nvidia playbook for currying favor, Warren says",,https://www.cnbc.com/2025/09/24/elizabeth-warren-trump-rolex-tennis-invite-apple-nvidia.html,cnbc.com,,,26.53,DROP,0.2254,0.88,0.3057,0.0588,0.6801,0.0,0.0,0.0,0.0
e387292f5848124486bc67f8249a1035e4e02189,news,C:\Users\pedro\Desktop\projetos\Breno\gerador-conteudo\runs\2025-09-25_00-19-720m\out,421a84e949dd9cbbb4fcab1a68961246,2025-09-24 17:46:32,Honda ending production of Acura EV assembled by GM in U.S.,,https://www.cnbc.com/2025/09/24/honda-acura-ev-gm.html,cnbc.com,,,24.59,DROP,0.2038,0.88,0.0326,0.2197,0.8804,0.0,0.0,0.0,0.0
71162ee4d209211a72d40b8adf4d4e9807185264,news,C:\Users\pedro\Desktop\projetos\Breno\gerador-conteudo\runs\2025-09-25_00-19-720m\out,7987a4a1109582a7ec0fbff00105bf80,2025-09-24 17:24:03,AI can now pass the hardest level of the CFA exam in a matter of minutes,,https://www.cnbc.com/2025/09/24/ai-cfa-exam-pass-minutes-study.html,cnbc.com,,,28.9,DROP,0.1915,0.88,0.366,0.2669,0.698,0.0,0.0,0.0,0.0
7e3fecad192b46722c83e3df83a1b4ed5bd9dde9,news,C:\Users\pedro\Desktop\projetos\Breno\gerador-conteudo\runs\2025-09-25_00-19-720m\out,b936d9979f03d17325eb51dcbc55b77d,2025-09-24 16:52:15,New home sales soar 20% in August to a three-year high,,https://www.cnbc.com/2025/09/24/august-new-home-sales-soar.html,cnbc.com,,,31.99,DROP,0.1753,0.88,0.6806,0.0594,0.6719,0.0,0.0,0.0,0.0
0922e983bf39cd9837d7f51562cc347a2c132991,news,C:\Users\pedro\Desktop\projetos\Breno\gerador-conteudo\runs\2025-09-25_00-19-720m\out,23127a42dc51cd5c6d4c620ae0de1d6c,2025-09-24 16:40:12,Como 'superpoderes' da criatura mais resistente da Terra podem ajudar humanos,,https://www.bbc.com/portuguese/articles/c8xr1gdrlxgo?at_medium=RSS&at_campaign=rss,bbc.com,,,25.44,DROP,0.1695,0.6,0.3508,0.4476,0.6045,0.0,0.0,0.0,0.0
f2fffa24a988d87ba9b859921720b9bd381e8e2e,news,C:\Users\pedro\Desktop\projetos\Breno\gerador-conteudo\runs\2025-09-25_00-19-720m\out,50f1c8c7834b47983540c2f2e2147430,2025-09-24 16:36:45,"The Trump administration is changing Covid, childhood vaccine recommendations – here’s what it means for you",,https://www.cnbc.com/2025/09/24/how-to-get-covid-mmrv-hepatitisb-vaccines.html,cnbc.com,,,24.62,DROP,0.1679,0.88,0.0266,0.2259,0.9616,0.0,0.0,0.0,0.0
2bde682f8eecb3a189529f87572748aacef2aab4,news,C:\Users\pedro\Desktop\projetos\Breno\gerador-conteudo\runs\2025-09-25_00-25-1440m\out,8df84cfa4f93c2fc1b6bf6164ae0d413,2025-09-24 15:00:01,"Microsoft adds Anthropic AI model to Copilot assistant, diversifying from OpenAI",,https://www.cnbc.com/2025/09/24/microsoft-adds-anthropic-model-to-microsoft-365-copilot.html,cnbc.com,pil,,26.48,DROP,0.1263,0.88,0.3966,0.0683,0.6809,0.0,0.0,0.0,0.0
d2fd91a7812bf17f54e8310c46f63fc6e88a2ddf,news,C:\Users\pedro\Desktop\projetos\Breno\gerador-conteudo\runs\2025-09-25_00-25-1440m\out,e00cf5985f9843181b59cfd26d1a7d00,2025-09-24 14:58:52,Making OpenAI and Nvidia's giant AI project a reality will take a lot of foreign-made parts,,https://www.cnbc.com/2025/09/24/openai-and-nvidia-plan-highlights-us-supply-chain-reality-check-.html,cnbc.com,,,18.29,DROP,0.1259,0.88,0.0079,0.1686,0.6886,0.0,0.0,0.0,0.0
15da2970a72a59ceaab6223d162193043499957a,news,C:\Users\pedro\Desktop\projetos\Breno\gerador-conteudo\runs\2025-09-25_00-25-1440m\out,73c9d9062aa93c437d41943fd108b3d7,2025-09-24 14:12:43,"O que são as 'cidades-esponja', criadas pelo arquiteto chinês Kongjian Yu, morto em acidente de avião no Pantanal",,https://www.bbc.com/portuguese/articles/cd9yz78vq15o?at_medium=RSS&at_campaign=rss,bbc.com,,,20.14,DROP,0.1107,0.6,0.3747,0.178,0.7723,0.0,0.0,0.0,0.0
f38c70fe6eb5ed097775f5a813f22e1b7d22eca5,news,C:\Users\pedro\Desktop\projetos\Breno\gerador-conteudo\runs\2025-09-25_00-25-1440m\out,225c2b3d98695caf7ff36c66e4fdbbc2,2025-09-24 14:12:14,"Seasonal retail hiring to fall to lowest level since 2009, signaling trouble for holidays, report says",,https://www.cnbc.com/2025/09/24/seasonal-hiring-2025-to-fall-to-lowest-level-since-2009-recession.html,cnbc.com,,,32.79,DROP,0.1106,0.88,0.0925,0.0215,0.9848,0.75,0.0,0.0,0.0
756702a7afa82596caaa25487dcc863e0ab4cfec,news,C:\Users\pedro\Desktop\projetos\Breno\gerador-conteudo\runs\2025-09-25_00-25-1440m\out,336a6d200aba3d6b329432ff461c9a9b,2025-09-24 13:54:43,Os planos da Nasa para mandar humanos à Lua pela primeira vez em 50 anos em 2026,,https://www.bbc.com/portuguese/articles/c8xrd4dz9kno?at_medium=RSS&at_campaign=rss,bbc.com,,,30.24,DROP,0.1053,0.6,0.1512,0.3527,0.6667,0.75,0.0,0.0,0.0
9f169dae09722a658829378c7262ffceb0e451d7,news,C:\Users\pedro\Desktop\projetos\Breno\gerador-conteudo\runs\2025-09-25_00-25-1440m\out,b6ec9f919fe03969e959280872caf550,2025-09-24 11:44:39,"Trump's H-1B visa changes could 'kneecap startups,' drive talent elsewhere, experts say",,https://www.cnbc.com/2025/09/24/trumps-h-1b-visa-changes-could-kneecap-startups-experts-say.html,cnbc.com,,,26.88,DROP,0.0734,0.88,0.3516,0.2077,0.7852,0.0,0.0,0.0,0.0
bd0c92b397c8a994bf09f3587a1104335bb4acf3,news,C:\Users\pedro\Desktop\projetos\Breno\gerador-conteudo\runs\2025-09-25_00-25-1440m\out,cf1e2e6e5625acd518657157cdef7430,2025-09-24 11:00:01,"American workers feel stuck in their jobs. It may be costing them, and the economy",,https://www.cnbc.com/2025/09/24/why-workers-feel-stuck.html,cnbc.com,,,32.43,DROP,0.0648,0.88,0.0902,0.1338,0.9258,0.75,0.0,0.0,0.0
04c40eced44cc1abfc6d95359e611ab25fe609cf,news,C:\Users\pedro\Desktop\projetos\Breno\gerador-conteudo\runs\2025-09-25_00-25-1440m\out,0a104701309bb1091e3054f3616bd880,2025-09-24 09:22:23,Três alegações de Trump ligando autismo a paracetamol e vacinas checadas pela BBC,,https://www.bbc.com/portuguese/articles/c1jz843j95yo?at_medium=RSS&at_campaign=rss,bbc.com,,,20.3,DROP,0.0494,0.6,0.1691,0.3817,0.6697,0.0,0.0,0.0,0.0
92a212b57a11dda09b22c6a98a1d5d6d2520d581,news,C:\Users\pedro\Desktop\projetos\Breno\gerador-conteudo\runs\2025-09-25_00-25-1440m\out,0547e2e8f79d8aa7ca59cb85d1f6870c,2025-09-24 08:24:16,Trump e Lula: o que esperar de possível encontro entre os dois?,,https://www.bbc.com/portuguese/articles/cr5qz2z5z9eo?at_medium=RSS&at_campaign=rss,bbc.com,,,24.78,DROP,0.0421,0.6,0.2733,0.4564,0.9276,0.0,0.0,0.0,0.0
